"Index","BMDL.10","BMD.10","BMDU.10","BW","HED.U","HED","HED.L","CSF.U","CSF","CSF.L","RSD.04.U","RSD.04","RSD.04.L","RSD.05.U","RSD.05","RSD.05.L","RSD.06.U","RSD.06","RSD.06.L"
1,0.978108164906302,1.4789700971225,2.29405256033325,0.431,0.642611023963499,0.414289761689341,0.273988094373126,0.155615133060151,0.241376952189772,0.364979362438343,0.000642611023963499,0.000414289761689341,0.000273988094373126,6.42611023963499e-05,4.14289761689341e-05,2.73988094373126e-05,6.42611023963499e-06,4.14289761689341e-06,2.73988094373126e-06
2,0.636910232532762,1.04870977922444,4.71851832707445,0.0353,0.707090190936208,0.157153654310004,0.0954437276097305,0.141424674365228,0.636319915302371,1.04773778753592,0.000707090190936208,0.000157153654310004,9.54437276097305e-05,7.07090190936208e-05,1.57153654310004e-05,9.54437276097305e-06,7.07090190936208e-06,1.57153654310004e-06,9.54437276097305e-07
3,7.84426723255845,14.9027480576203,27.2791913168621,0.284,6.88472450793516,3.76115675850188,1.97973679774757,0.0145249094404202,0.0265875650553399,0.0505117650557257,0.00688472450793516,0.00376115675850188,0.00197973679774757,0.000688472450793516,0.000376115675850188,0.000197973679774757,6.88472450793516e-05,3.76115675850188e-05,1.97973679774757e-05
4,26.1865317867851,40.1996672956724,49.8824138545396,0.0373,7.57879498665558,6.10766427330657,3.97860368991591,0.0131947097363203,0.016372871121461,0.0251344461006403,0.00757879498665558,0.00610766427330657,0.00397860368991591,0.000757879498665558,0.000610766427330657,0.000397860368991591,7.57879498665558e-05,6.10766427330657e-05,3.97860368991591e-05
5,0.442590315756011,0.899342147001953,2.0682737071111,0.0373,0.314239452168344,0.136639934363685,0.0672441649671431,0.318228660691618,0.731850468647306,1.4871178792816,0.000314239452168344,0.000136639934363685,6.72441649671431e-05,3.14239452168344e-05,1.36639934363685e-05,6.72441649671431e-06,3.14239452168344e-06,1.36639934363685e-06,6.72441649671431e-07
6,7.22383103941765,12.423092072623,14.5913635838811,0.0353,2.18657835942815,1.86165358206746,1.08252203655627,0.0457335542395804,0.0537156864001224,0.0923768723619897,0.00218657835942815,0.00186165358206746,0.00108252203655627,0.000218657835942815,0.000186165358206746,0.000108252203655627,2.18657835942815e-05,1.86165358206746e-05,1.08252203655627e-05
7,2.71525075442698,3.4506561929833,5.26065234161115,0.0373,0.79926776818384,0.524269253134266,0.41253674822497,0.125114516036632,0.190741683595146,0.242402647595086,0.00079926776818384,0.000524269253134266,0.00041253674822497,7.9926776818384e-05,5.24269253134266e-05,4.1253674822497e-05,7.9926776818384e-06,5.24269253134266e-06,4.1253674822497e-06
8,6.84258494080309,11.205257723018,13.6982518652988,0.0353,2.05274174126855,1.67915588615943,1.02539067497689,0.048715334223292,0.0595537322200145,0.0975238047705614,0.00205274174126855,0.00167915588615943,0.00102539067497689,0.000205274174126855,0.000167915588615943,0.000102539067497689,2.05274174126855e-05,1.67915588615943e-05,1.02539067497689e-05
9,1.58304656418273,2.73196945974581,5.22451853863203,0.431,1.46349445774638,0.765280500682701,0.443443707952178,0.0683296062179755,0.130671041416566,0.225507766164503,0.00146349445774638,0.000765280500682701,0.000443443707952178,0.000146349445774638,7.65280500682701e-05,4.43443707952178e-05,1.46349445774638e-05,7.65280500682701e-06,4.43443707952178e-06
10,6.52468567818634,6.90206299597715,7.24816836684279,0.0363,1.09378111135396,1.04155225876235,0.98460432913902,0.0914259708473234,0.0960105449906349,0.101563640378714,0.00109378111135396,0.00104155225876235,0.00098460432913902,0.000109378111135396,0.000104155225876235,9.8460432913902e-05,1.09378111135396e-05,1.04155225876235e-05,9.8460432913902e-06
11,0.0941456546054758,0.173173096061361,0.333498948651274,0.38,0.0905244423814134,0.0470058392082363,0.0255547518823079,1.10467402360417,2.12739527012802,3.91316653984937,9.05244423814134e-05,4.70058392082363e-05,2.55547518823079e-05,9.05244423814134e-06,4.70058392082363e-06,2.55547518823079e-06,9.05244423814134e-07,4.70058392082363e-07,2.55547518823079e-07
12,0.0103424161041717,0.078922376420143,0.199147667960965,0.0373,0.0302571433681603,0.0119909295587044,0.00157135642129855,3.30500466561659,8.33963701566477,63.6392855526447,3.02571433681603e-05,1.19909295587044e-05,1.57135642129855e-06,3.02571433681603e-06,1.19909295587044e-06,1.57135642129855e-07,3.02571433681603e-07,1.19909295587044e-07,1.57135642129855e-08
13,0.435649776204943,0.91006676565643,2.03732935574307,0.523,0.598979770594937,0.26756183578386,0.128082090544363,0.166950546427762,0.373745380042845,0.780749280207632,0.000598979770594937,0.00026756183578386,0.000128082090544363,5.98979770594937e-05,2.6756183578386e-05,1.28082090544363e-05,5.98979770594937e-06,2.6756183578386e-06,1.28082090544363e-06
14,0.573775758563905,1.06505275324219,1.56784762964308,0.338,0.413293446482489,0.28075389135444,0.151250514579,0.241958833006167,0.356183843143083,0.661154775429005,0.000413293446482489,0.00028075389135444,0.000151250514579,4.13293446482489e-05,2.8075389135444e-05,1.51250514579e-05,4.13293446482489e-06,2.8075389135444e-06,1.51250514579e-06
15,0.0632237512444489,0.134081511333509,0.253544683044957,0.38,0.0688217793316551,0.0363948794927534,0.0171613579287458,1.4530284013451,2.74763926666967,5.82704471378089,6.8821779331655e-05,3.63948794927534e-05,1.71613579287458e-05,6.88217793316551e-06,3.63948794927534e-06,1.71613579287458e-06,6.88217793316551e-07,3.63948794927534e-07,1.71613579287458e-07
16,0.0967367705460145,0.126124983712812,0.15597379058145,0.452,0.0442141953258761,0.0357528956920434,0.0274221614552761,2.2617170631052,2.79697624666117,3.64668555259928,4.42141953258761e-05,3.57528956920434e-05,2.74221614552761e-05,4.42141953258761e-06,3.57528956920434e-06,2.74221614552761e-06,4.42141953258761e-07,3.57528956920434e-07,2.74221614552761e-07
17,6.43257305538538,13.94230599401,82.304885844432,70,82.304885844432,13.94230599401,6.43257305538538,0.00121499469896616,0.00717241466676766,0.0155458786303685,0.082304885844432,0.01394230599401,0.00643257305538538,0.0082304885844432,0.001394230599401,0.000643257305538538,0.00082304885844432,0.0001394230599401,6.43257305538538e-05
18,8.1854419597996,16.9761960222457,84.5168040969692,70,84.5168040969692,16.9761960222457,8.1854419597996,0.00118319665619711,0.00589060116111757,0.0122168113207718,0.0845168040969692,0.0169761960222457,0.0081854419597996,0.00845168040969692,0.00169761960222457,0.00081854419597996,0.000845168040969692,0.000169761960222457,8.1854419597996e-05
19,40.3962086654522,120.771227962629,318.522620255712,0.452,90.2922298367917,34.235256083599,11.4511922400607,0.00110751501187595,0.00292096544438897,0.00873271515346336,0.0902922298367917,0.034235256083599,0.0114511922400607,0.00902922298367917,0.0034235256083599,0.00114511922400607,0.000902922298367917,0.00034235256083599,0.000114511922400607
20,0.0024982672140912,0.00529202291189821,0.0123883509570884,0.0353,0.00185644747703322,0.000793032310533156,0.000374376047515888,53.866323306819,126.098266958089,267.111105701163,1.85644747703322e-06,7.93032310533156e-07,3.74376047515888e-07,1.85644747703322e-07,7.93032310533156e-08,3.74376047515888e-08,1.85644747703322e-08,7.93032310533156e-09,3.74376047515888e-09
21,0.000860950569024594,0.320232501655606,0.853539633255072,0.145,0.18209213270722,0.0683176467931066,0.000183673164269261,0.54917254531137,1.4637506514655,544.445348877435,0.00018209213270722,6.83176467931066e-05,1.83673164269261e-07,1.8209213270722e-05,6.83176467931066e-06,1.83673164269261e-08,1.8209213270722e-06,6.83176467931066e-07,1.83673164269261e-09
22,0.820538782495748,1.21214799263325,6.46550093882205,0.297,1.65012476202334,0.309364338016078,0.209417858880305,0.0606014783254222,0.323243463164791,0.477514193558611,0.00165012476202334,0.000309364338016078,0.000209417858880305,0.000165012476202334,3.09364338016078e-05,2.09417858880305e-05,1.65012476202334e-05,3.09364338016078e-06,2.09417858880305e-06
23,19.012891405425,514.336177986732,1751.82242779767,0.523,515.04004149717,151.216083462757,5.58983617462984,0.000194159661274704,0.000661305316934947,0.0178896119449551,0.51504004149717,0.151216083462757,0.00558983617462984,0.051504004149717,0.0151216083462757,0.000558983617462984,0.0051504004149717,0.00151216083462757,5.58983617462984e-05
24,6.68818567056982,9.197630439099,11.1661403653196,70,11.1661403653196,9.197630439099,6.68818567056982,0.00895564597330205,0.0108723655143722,0.0149517380236665,0.0111661403653196,0.009197630439099,0.00668818567056982,0.00111661403653196,0.0009197630439099,0.000668818567056982,0.000111661403653196,9.197630439099e-05,6.68818567056982e-05
25,1.07622023316998,2.28458039067653,6.92922857067578,70,6.92922857067578,2.28458039067653,1.07622023316998,0.0144316209199962,0.0437717142316831,0.0929177847785416,0.00692922857067578,0.00228458039067653,0.00107622023316998,0.000692922857067578,0.000228458039067653,0.000107622023316998,6.92922857067578e-05,2.28458039067653e-05,1.07622023316998e-05
26,2.58721355417304,4.83630347490653,17.5849686567861,0.0373,2.67174063960053,0.734795085026361,0.393083646091228,0.0374287827634915,0.136092363759364,0.254398779990943,0.00267174063960053,0.000734795085026361,0.000393083646091228,0.000267174063960053,7.34795085026361e-05,3.93083646091228e-05,2.67174063960053e-05,7.34795085026361e-06,3.93083646091228e-06
27,0.757343638980233,1.41099471389439,5.14834753607479,70,5.14834753607479,1.41099471389439,0.757343638980233,0.0194237081508763,0.0708719876944095,0.13204045673989,0.00514834753607479,0.00141099471389439,0.000757343638980233,0.000514834753607479,0.000141099471389439,7.57343638980233e-05,5.14834753607479e-05,1.41099471389439e-05,7.57343638980233e-06
28,11.421973519757,22.7418431223493,30.0335900004036,70,30.0335900004036,22.7418431223493,11.421973519757,0.0033296052852375,0.0043971809787803,0.00875505444195142,0.0300335900004036,0.0227418431223493,0.011421973519757,0.00300335900004036,0.00227418431223493,0.0011421973519757,0.000300335900004036,0.000227418431223493,0.00011421973519757
29,0.0724712650086351,0.101345191579889,0.14492353652866,0.284,0.0365758138548175,0.0255775076367515,0.0182903037165035,2.73404716015167,3.90968508035213,5.46737777294365,3.65758138548175e-05,2.55775076367515e-05,1.82903037165035e-05,3.65758138548175e-06,2.55775076367515e-06,1.82903037165035e-06,3.65758138548175e-07,2.55775076367515e-07,1.82903037165035e-07
30,2.1320480448473,170.931835569516,333.964629219139,0.0353,50.0460307816401,25.6148680310124,0.319496535695549,0.00199816046224161,0.00390398263535569,0.312992439127073,0.0500460307816401,0.0256148680310124,0.000319496535695549,0.00500460307816401,0.00256148680310124,3.19496535695549e-05,0.000500460307816401,0.000256148680310124,3.19496535695549e-06
31,6.87226794739765,9.92938275287086,18.6707445470092,0.38,5.06795822235455,2.69521640332111,1.86539785612442,0.0197318122234915,0.0371027721101644,0.0536078669071497,0.00506795822235455,0.00269521640332111,0.00186539785612442,0.000506795822235455,0.000269521640332111,0.000186539785612442,5.06795822235455e-05,2.69521640332111e-05,1.86539785612442e-05
32,0.448614144726066,0.74716714452669,1.90675205830262,0.462,0.543475796569309,0.212962800944103,0.127867138569813,0.184000834317278,0.469565574629381,0.782061764410264,0.000543475796569309,0.000212962800944103,0.000127867138569813,5.43475796569309e-05,2.12962800944103e-05,1.27867138569813e-05,5.43475796569309e-06,2.12962800944103e-06,1.27867138569813e-06
33,0.362092102152049,0.773090113101711,1.40843041013634,70,1.40843041013634,0.773090113101711,0.362092102152049,0.0710010230397679,0.129351026879377,0.276172828420345,0.00140843041013634,0.000773090113101711,0.000362092102152049,0.000140843041013634,7.73090113101711e-05,3.62092102152049e-05,1.40843041013634e-05,7.73090113101711e-06,3.62092102152049e-06
34,0.142168988881949,0.391521831549635,0.7130930392285,70,0.7130930392285,0.391521831549635,0.142168988881949,0.140234155290859,0.255413598787588,0.703388276067967,0.0007130930392285,0.000391521831549635,0.000142168988881949,7.130930392285e-05,3.91521831549635e-05,1.42168988881949e-05,7.130930392285e-06,3.91521831549635e-06,1.42168988881949e-06
35,3.65509002021637,7.06944400632866,13.000326301155,70,13.000326301155,7.06944400632866,3.65509002021637,0.00769211461954733,0.0141453839807598,0.0273591072851553,0.013000326301155,0.00706944400632866,0.00365509002021637,0.0013000326301155,0.000706944400632866,0.000365509002021637,0.00013000326301155,7.06944400632866e-05,3.65509002021637e-05
36,0.367444949951056,3.90257478030942,9.98666733375316,70,9.98666733375316,3.90257478030942,0.367444949951056,0.0100133504659776,0.0256241086024933,0.272149610474494,0.00998666733375316,0.00390257478030942,0.000367444949951056,0.000998666733375316,0.000390257478030942,3.67444949951056e-05,9.98666733375316e-05,3.90257478030942e-05,3.67444949951056e-06
37,0.167409947358249,0.229932329326266,0.525301032444629,70,0.525301032444629,0.229932329326266,0.167409947358249,0.19036703494494,0.434910568222459,0.597336069797603,0.000525301032444629,0.000229932329326266,0.000167409947358249,5.25301032444629e-05,2.29932329326266e-05,1.67409947358249e-05,5.25301032444629e-06,2.29932329326266e-06,1.67409947358249e-06
38,14.4603207116062,18.8755520518372,22.4595557410594,70,22.4595557410594,18.8755520518372,14.4603207116062,0.00445244782011361,0.00529785829444214,0.00691547594236535,0.0224595557410594,0.0188755520518372,0.0144603207116062,0.00224595557410594,0.00188755520518372,0.00144603207116062,0.000224595557410594,0.000188755520518372,0.000144603207116062
39,1.81411622567595,2.67905469572144,3.74776643647478,70,3.74776643647478,2.67905469572144,1.81411622567595,0.0266825592509607,0.0373265988782178,0.0551232597915492,0.00374776643647478,0.00267905469572144,0.00181411622567595,0.000374776643647478,0.000267905469572144,0.000181411622567595,3.74776643647478e-05,2.67905469572144e-05,1.81411622567595e-05
40,282.259979363151,354.390442754717,775.830137492969,0.389,211.826132165527,96.7597843101841,77.0658895603414,0.000472085285123638,0.00103348721488908,0.00129759093900683,0.211826132165527,0.0967597843101841,0.0770658895603414,0.0211826132165527,0.00967597843101841,0.00770658895603414,0.00211826132165527,0.000967597843101841,0.000770658895603414
41,0.428165176982093,0.99874716040665,1.54809629577829,70,1.54809629577829,0.99874716040665,0.428165176982093,0.0645954649414919,0.100125441116933,0.233554724615501,0.00154809629577829,0.00099874716040665,0.000428165176982093,0.000154809629577829,9.9874716040665e-05,4.28165176982093e-05,1.54809629577829e-05,9.9874716040665e-06,4.28165176982093e-06
42,0.577339401775745,2.33937720146274,13.052795119179,70,13.052795119179,2.33937720146274,0.577339401775745,0.00766119433324024,0.0427464198323695,0.17320834104242,0.013052795119179,0.00233937720146274,0.000577339401775745,0.0013052795119179,0.000233937720146274,5.77339401775745e-05,0.00013052795119179,2.33937720146274e-05,5.77339401775745e-06
43,1.74263681671204,4.25250313155002,12.5473042826863,70,12.5473042826863,4.25250313155002,1.74263681671204,0.00796983939713548,0.0235155617542251,0.0573843035112028,0.0125473042826863,0.00425250313155002,0.00174263681671204,0.00125473042826863,0.000425250313155002,0.000174263681671204,0.000125473042826863,4.25250313155002e-05,1.74263681671204e-05
44,0.0646163308352521,0.10881143342444,0.125138967240071,70,0.125138967240071,0.10881143342444,0.0646163308352521,0.799111597334478,0.919021070239289,1.547596384805,0.000125138967240071,0.00010881143342444,6.46163308352521e-05,1.25138967240071e-05,1.0881143342444e-05,6.46163308352521e-06,1.25138967240071e-06,1.0881143342444e-06,6.46163308352521e-07
45,35.4077633092303,69.7125509241522,152.168156771814,70,152.168156771814,69.7125509241522,35.4077633092303,0.000657167715778778,0.00143446192506713,0.00282423939424413,0.152168156771814,0.0697125509241522,0.0354077633092303,0.0152168156771814,0.00697125509241522,0.00354077633092303,0.00152168156771814,0.000697125509241522,0.000354077633092303
46,58.7559255019079,63.8843789607084,72.894265200503,70,72.894265200503,63.8843789607084,58.7559255019079,0.00137185003134252,0.00156532788808207,0.00170195600096118,0.072894265200503,0.0638843789607084,0.0587559255019079,0.0072894265200503,0.00638843789607084,0.00587559255019079,0.00072894265200503,0.000638843789607084,0.000587559255019079
47,21.0400043684743,38.2510498998244,155.015940465211,0.0373,23.552068588247,5.81160458795077,3.19667528704593,0.00424591154807956,0.0172069517956074,0.0312825016682913,0.023552068588247,0.00581160458795077,0.00319667528704594,0.0023552068588247,0.000581160458795077,0.000319667528704593,0.00023552068588247,5.81160458795077e-05,3.19667528704594e-05
48,2.005564875599,4.32830408920013,13.3409813002711,70,13.3409813002711,4.32830408920013,2.005564875599,0.00749570048478877,0.023103737154124,0.0498612641339429,0.0133409813002711,0.00432830408920013,0.002005564875599,0.00133409813002711,0.000432830408920013,0.0002005564875599,0.000133409813002711,4.32830408920013e-05,2.005564875599e-05
49,0.188192249477479,0.287206857347095,0.396920791882801,70,0.396920791882801,0.287206857347095,0.188192249477479,0.251939434882331,0.348181101675954,0.531371511194817,0.000396920791882801,0.000287206857347095,0.000188192249477479,3.96920791882801e-05,2.87206857347095e-05,1.88192249477479e-05,3.96920791882801e-06,2.87206857347095e-06,1.88192249477479e-06
50,0.273353364042727,0.351364633685933,0.995342790850551,70,0.995342790850551,0.351364633685933,0.273353364042727,0.100467900023214,0.284604625545168,0.365826849617147,0.000995342790850551,0.000351364633685933,0.000273353364042727,9.95342790850551e-05,3.51364633685933e-05,2.73353364042727e-05,9.95342790850551e-06,3.51364633685933e-06,2.73353364042727e-06
51,0.159236583331607,0.288226016069436,0.592552869481107,70,0.592552869481107,0.288226016069436,0.159236583331607,0.16876131253498,0.346949943532888,0.62799639321419,0.000592552869481107,0.000288226016069436,0.000159236583331607,5.92552869481107e-05,2.88226016069436e-05,1.59236583331607e-05,5.92552869481107e-06,2.88226016069436e-06,1.59236583331607e-06
52,0.179348227111131,0.29503933461951,0.547296934915092,70,0.547296934915092,0.29503933461951,0.179348227111131,0.182716170364656,0.338937857655361,0.55757451083158,0.000547296934915092,0.00029503933461951,0.000179348227111131,5.47296934915092e-05,2.9503933461951e-05,1.79348227111131e-05,5.47296934915092e-06,2.9503933461951e-06,1.79348227111131e-06
53,0.0275235538175814,0.0508361593663616,0.244786141471164,70,0.244786141471164,0.0508361593663616,0.0275235538175814,0.408519859004273,1.96710375540624,3.63325174731333,0.000244786141471164,5.08361593663616e-05,2.75235538175814e-05,2.44786141471164e-05,5.08361593663616e-06,2.75235538175814e-06,2.44786141471164e-06,5.08361593663616e-07,2.75235538175814e-07
54,0.24626469017476,0.338229141770112,0.770715156422518,70,0.770715156422518,0.338229141770112,0.24626469017476,0.129749621720399,0.295657551790638,0.406067146406721,0.000770715156422518,0.000338229141770112,0.00024626469017476,7.70715156422518e-05,3.38229141770112e-05,2.4626469017476e-05,7.70715156422518e-06,3.38229141770112e-06,2.4626469017476e-06
55,0.0530892376312781,0.23327898673665,2.47446876817834,0.38,0.671666001753411,0.0633208898529933,0.0144104611197773,0.148883522076368,1.57925765465649,6.9394031994408,0.000671666001753411,6.33208898529933e-05,1.44104611197773e-05,6.71666001753411e-05,6.33208898529933e-06,1.44104611197773e-06,6.71666001753411e-06,6.33208898529933e-07,1.44104611197773e-07
56,8.79495238412321,25.6567006366559,67.1266296292195,0.0353,10.0592130985444,3.84476653356864,1.31796130257277,0.00994113545665622,0.0260093816170372,0.0758747618801793,0.0100592130985444,0.00384476653356864,0.00131796130257277,0.00100592130985444,0.000384476653356864,0.000131796130257277,0.000100592130985444,3.84476653356864e-05,1.31796130257277e-05
57,8.81481646855174,26.2974148880901,65.9437849807777,0.0353,9.88195875929224,3.9407803097116,1.32093802074524,0.0101194512581797,0.025375685052415,0.0757037790036374,0.00988195875929225,0.0039407803097116,0.00132093802074524,0.000988195875929224,0.00039407803097116,0.000132093802074524,9.88195875929225e-05,3.9407803097116e-05,1.32093802074524e-05
58,1.94047632794157,3.45069160125832,19.2996052651794,70,19.2996052651794,3.45069160125832,1.94047632794157,0.00518145312435075,0.0289796978563759,0.051533738680584,0.0192996052651794,0.00345069160125832,0.00194047632794157,0.00192996052651794,0.000345069160125832,0.000194047632794157,0.000192996052651794,3.45069160125832e-05,1.94047632794157e-05
59,0.902163143848115,23.6394641889065,56.0644807776262,0.38,15.2180565495726,6.41665985020483,0.244881778081136,0.00657114130666105,0.0155844321398473,0.408360314857185,0.0152180565495726,0.00641665985020483,0.000244881778081136,0.00152180565495726,0.000641665985020483,2.44881778081136e-05,0.000152180565495726,6.41665985020483e-05,2.44881778081136e-06
60,2.79496473777318,5.0879694226251,17.2849182026314,70,17.2849182026314,5.0879694226251,2.79496473777318,0.00578539040958703,0.0196542061662795,0.0357786267027013,0.0172849182026314,0.0050879694226251,0.00279496473777318,0.00172849182026314,0.00050879694226251,0.000279496473777318,0.000172849182026314,5.0879694226251e-05,2.79496473777318e-05
61,251.55978483694,373.810182456138,504.594237583658,0.38,136.966284813985,101.46646176903,68.2830016107919,0.000730106683815002,0.00098554732525937,0.00146449332397531,0.136966284813985,0.10146646176903,0.0682830016107919,0.0136966284813985,0.010146646176903,0.00682830016107919,0.00136966284813985,0.0010146646176903,0.000682830016107919
62,173.377920338017,292.147654585254,309.514457415473,0.38,84.0141289195467,79.3001106339976,47.0614363952903,0.00119027598436165,0.00126103228861232,0.00212488201932586,0.0840141289195467,0.0793001106339976,0.0470614363952903,0.00840141289195467,0.00793001106339976,0.00470614363952903,0.000840141289195467,0.000793001106339976,0.000470614363952903
63,175.504720681778,308.984484010255,349.671720669729,0.229,83.6266830185863,73.8960172486832,41.9733046087051,0.00119579058250791,0.00135325290486859,0.00238246668763032,0.0836266830185863,0.0738960172486832,0.0419733046087051,0.00836266830185863,0.00738960172486832,0.00419733046087051,0.000836266830185863,0.000738960172486832,0.000419733046087051
64,0.0322040685732116,17.359453847861,89.7391680415534,0.0353,13.4477988780645,2.60138854720584,0.00482591767540583,0.0074361611819698,0.0384410087864077,20.7214475517531,0.0134477988780645,0.00260138854720584,4.82591767540583e-06,0.00134477988780645,0.000260138854720584,4.82591767540583e-07,0.000134477988780645,2.60138854720584e-05,4.82591767540583e-08
65,26.8840199030731,363.107557873104,1179.33118339349,0.0353,176.727831458854,54.4132235226607,4.0286855849054,0.000565841832463622,0.00183778856546432,0.0248219916626599,0.176727831458854,0.0544132235226607,0.0040286855849054,0.0176727831458854,0.00544132235226607,0.00040286855849054,0.00176727831458854,0.000544132235226607,4.0286855849054e-05
66,461.920203989676,1063.06132206753,1892.9739008054,0.0353,283.670250738994,159.304294503754,69.2207219716069,0.000352521985437276,0.000627729467755458,0.00144465410287137,0.283670250738994,0.159304294503754,0.0692207219716069,0.0283670250738994,0.0159304294503754,0.00692207219716069,0.00283670250738994,0.00159304294503754,0.000692207219716069
67,53.800101258051,76.6520839209831,109.799535413682,0.284,27.7112156163955,19.3454591312936,13.5780739010303,0.00360864717680715,0.00516917170697893,0.00736481482785362,0.0277112156163955,0.0193454591312936,0.0135780739010303,0.00277112156163955,0.00193454591312936,0.00135780739010303,0.000277112156163955,0.000193454591312936,0.000135780739010303
68,1.47767040716615,3.15859745335687,3.87264986078597,70,3.87264986078597,3.15859745335687,1.47767040716615,0.0258221124023086,0.0316596215493439,0.067674089915476,0.00387264986078597,0.00315859745335687,0.00147767040716615,0.000387264986078597,0.000315859745335687,0.000147767040716615,3.87264986078597e-05,3.15859745335687e-05,1.47767040716615e-05
69,28.3462368641908,53.4648914426876,78.9410197122107,0.229,18.8793523822658,12.7865402461979,6.77922069440219,0.00529679185891644,0.00782072382947648,0.0147509580389635,0.0188793523822658,0.0127865402461979,0.00677922069440219,0.00188793523822658,0.00127865402461979,0.000677922069440219,0.000188793523822658,0.000127865402461979,6.77922069440219e-05
70,13.2177495175735,20.4813472026723,30.5942582262691,0.0373,4.64828369256219,3.1117967136115,2.00821504089139,0.0215133168743577,0.0321357753103163,0.0497954641130529,0.00464828369256219,0.0031117967136115,0.00200821504089139,0.000464828369256219,0.00031117967136115,0.000200821504089139,4.64828369256219e-05,3.1117967136115e-05,2.00821504089139e-05
71,35.3947630507755,49.943475471216,93.1163931235103,0.0353,13.9538905285585,7.48424381533672,5.30405691551737,0.0071664601205905,0.0133614032983639,0.0188534930135164,0.0139538905285585,0.00748424381533672,0.00530405691551737,0.00139538905285585,0.000748424381533672,0.000530405691551737,0.000139538905285585,7.48424381533672e-05,5.30405691551737e-05
72,24.1039191280041,38.3505459056452,93.9616689945576,0.0353,14.0805587399805,5.74699364233339,3.612075570574,0.00710199089728297,0.0174004020577615,0.027684913575634,0.0140805587399805,0.00574699364233339,0.003612075570574,0.00140805587399805,0.000574699364233339,0.0003612075570574,0.000140805587399805,5.7469936423334e-05,3.612075570574e-05
73,50.0771833077387,89.3247121431186,141.358364263001,0.0353,21.1831566285614,13.3856908856726,7.50428050759964,0.0047207317470886,0.00747066407360679,0.013325727882737,0.0211831566285614,0.0133856908856726,0.00750428050759964,0.00211831566285614,0.00133856908856726,0.000750428050759964,0.000211831566285614,0.000133856908856726,7.50428050759964e-05
74,5.3492651319084,12.5306598822403,20.1701032328643,0.0373,3.06450841988766,1.90382331079526,0.812730993376123,0.0326316610360842,0.0525258827502371,0.123041942309343,0.00306450841988766,0.00190382331079526,0.000812730993376123,0.000306450841988766,0.000190382331079526,8.12730993376123e-05,3.06450841988766e-05,1.90382331079526e-05,8.12730993376124e-06
75,2.64473051697484,5.41153767038248,15.0835238628092,0.0373,2.29168811609454,0.822192259700763,0.401822382564588,0.0436359552147167,0.12162605378503,0.248866176547361,0.00229168811609454,0.000822192259700763,0.000401822382564588,0.000229168811609454,8.22192259700763e-05,4.01822382564588e-05,2.29168811609454e-05,8.22192259700763e-06,4.01822382564588e-06
76,74.0050200748872,158.601138394968,433.224702757492,0.0373,65.8212173718821,24.0967791985925,11.2438198513494,0.00151926694754082,0.00414993220362998,0.00889377465328195,0.0658212173718821,0.0240967791985925,0.0112438198513494,0.00658212173718821,0.00240967791985925,0.00112438198513494,0.000658212173718821,0.000240967791985925,0.000112438198513494
77,197.531543953824,417.835584109996,1021.98172103822,0.0353,153.148340256691,62.6144527728179,29.6009483165094,0.000652961696041829,0.00159707536473771,0.00337827014630564,0.153148340256691,0.0626144527728179,0.0296009483165094,0.0153148340256691,0.00626144527728179,0.00296009483165094,0.00153148340256691,0.000626144527728179,0.000296009483165094
78,10.0313182008157,20.6087697734791,78.942146435399,70,78.942146435399,20.6087697734791,10.0313182008157,0.00126675045606764,0.00485230322329514,0.00996877957593534,0.078942146435399,0.0206087697734791,0.0100313182008157,0.0078942146435399,0.00206087697734791,0.00100313182008157,0.00078942146435399,0.000206087697734791,0.000100313182008157
79,0.0232731211052508,5.12413764149808,11.9331287751028,0.38,3.23911014592535,1.39088805094634,0.00631722024626504,0.0308726765978598,0.0718965123986516,15.8297472783418,0.00323911014592535,0.00139088805094634,6.31722024626504e-06,0.000323911014592535,0.000139088805094634,6.31722024626504e-07,3.23911014592535e-05,1.39088805094634e-05,6.31722024626504e-08
80,3.62973330250698,8.90014070115958,13.408297426682,0.0353,2.00929082613955,1.33372422262984,0.543931089382558,0.0497688033504487,0.0749780189211976,0.183846818010558,0.00200929082613955,0.00133372422262984,0.000543931089382558,0.000200929082613955,0.000133372422262984,5.43931089382558e-05,2.00929082613955e-05,1.33372422262984e-05,5.43931089382558e-06
81,10.6373707049535,265.023360867311,365.132086089791,0.38,99.1108926205435,71.937534008984,2.88739156559443,0.00100897083414293,0.00139009491189275,0.0346333352190883,0.0991108926205435,0.071937534008984,0.00288739156559443,0.00991108926205435,0.0071937534008984,0.000288739156559443,0.000991108926205435,0.00071937534008984,2.88739156559443e-05
82,0.501251568905243,4.7869447937175,26.8282808341535,0.229,6.41618982785986,1.14483468701717,0.119878170259585,0.0155855737880117,0.0873488558077731,0.834180233010391,0.00641618982785986,0.00114483468701717,0.000119878170259585,0.000641618982785986,0.000114483468701717,1.19878170259585e-05,6.41618982785986e-05,1.14483468701717e-05,1.19878170259585e-06
83,3.09725512784525,6.05952466964037,28.7135455550215,0.523,8.44185201623483,1.78151494568327,0.910600517643894,0.011845741883142,0.0561320017226387,0.109817640186217,0.00844185201623483,0.00178151494568327,0.000910600517643894,0.000844185201623483,0.000178151494568327,9.10600517643894e-05,8.44185201623483e-05,1.78151494568327e-05,9.10600517643894e-06
84,6.79199118787874,24.1412586558699,116.164229040119,8,67.5414533001414,14.0364698116228,3.94907244184999,0.00148057222807479,0.00712429844127869,0.0253224020254118,0.0675414533001414,0.0140364698116228,0.00394907244184999,0.00675414533001414,0.00140364698116228,0.000394907244184999,0.000675414533001414,0.000140364698116228,3.94907244184999e-05
85,44.2482628189677,136.683560294711,522.054049363946,0.0353,78.2320363843208,20.4826172216122,6.63079179447801,0.00127824871525448,0.00488218858547458,0.0150811551771657,0.0782320363843208,0.0204826172216122,0.00663079179447801,0.00782320363843208,0.00204826172216122,0.000663079179447801,0.000782320363843208,0.000204826172216122,6.63079179447801e-05
86,9.71345726420124,18.5196105572901,29.2200938975966,0.389,7.97800855202984,5.0564386248764,2.6520806331135,0.0125344563555973,0.0197767653122546,0.0377062442036695,0.00797800855202984,0.0050564386248764,0.0026520806331135,0.000797800855202984,0.00050564386248764,0.00026520806331135,7.97800855202984e-05,5.0564386248764e-05,2.6520806331135e-05
87,0.942843470972391,2.21284402711758,5.73013114894229,70,5.73013114894229,2.21284402711758,0.942843470972391,0.0174516075462703,0.0451907132967969,0.10606214401301,0.00573013114894229,0.00221284402711758,0.000942843470972391,0.000573013114894229,0.000221284402711758,9.42843470972391e-05,5.73013114894229e-05,2.21284402711758e-05,9.42843470972391e-06
88,301.293472596018,524.819782125789,1393.34649823683,0.0373,211.695598498996,79.7375512995674,45.7764827957487,0.000472376377728392,0.00125411425821578,0.00218452781630674,0.211695598498996,0.0797375512995674,0.0457764827957488,0.0211695598498996,0.00797375512995674,0.00457764827957487,0.00211695598498996,0.000797375512995674,0.000457764827957487
89,7.15013851824733,20.9214814183399,66.5333920798482,0.0373,10.1086314670006,3.17866771542156,1.08634345791697,0.00989253593094656,0.0314597211639461,0.0920519190051985,0.0101086314670006,0.00317866771542156,0.00108634345791697,0.00101086314670006,0.000317866771542156,0.000108634345791697,0.000101086314670006,3.17866771542156e-05,1.08634345791697e-05
90,0.0799617536258483,6.85927040909252,32.03012747988,70,32.03012747988,6.85927040909252,0.0799617536258483,0.00312206063066143,0.0145788099952208,1.250597885433,0.03203012747988,0.00685927040909252,7.99617536258483e-05,0.003203012747988,0.000685927040909252,7.99617536258483e-06,0.0003203012747988,6.85927040909252e-05,7.99617536258483e-07
91,21.0870875701195,65.7089280364393,171.313606884471,0.229,40.9709674899043,15.7147958258385,5.04313927541529,0.00244075271165225,0.00636342979624201,0.0198289189607529,0.0409709674899043,0.0157147958258385,0.00504313927541529,0.00409709674899043,0.00157147958258385,0.000504313927541529,0.000409709674899043,0.000157147958258385,5.04313927541529e-05
92,35.8553774505456,58.2581814738381,119.074739095426,0.38,32.321464286225,15.8135112971195,9.73252858281041,0.00309391923318953,0.00632370623583237,0.0102748221234736,0.032321464286225,0.0158135112971195,0.00973252858281041,0.0032321464286225,0.00158135112971195,0.000973252858281041,0.00032321464286225,0.000158135112971195,9.73252858281041e-05
93,2.10751615549405,11.7220557835006,78.9800571778638,0.38,21.4382254102826,3.18181681728417,0.572060948190309,0.00466456519073805,0.0314285849068315,0.174806548701403,0.0214382254102826,0.00318181681728417,0.000572060948190309,0.00214382254102826,0.000318181681728417,5.72060948190309e-05,0.000214382254102826,3.18181681728417e-05,5.72060948190309e-06
94,0.555247331901364,1.14389539117781,2.03659226183341,0.452,0.577316789751594,0.32426226271326,0.157397046614947,0.173215125170754,0.3083923462547,0.635335936414602,0.000577316789751594,0.00032426226271326,0.000157397046614947,5.77316789751594e-05,3.2426226271326e-05,1.57397046614947e-05,5.77316789751594e-06,3.2426226271326e-06,1.57397046614947e-06
95,0.0642754383220154,0.456546906759696,2.22207176635858,0.0353,0.332986976130411,0.0684155103562354,0.00963194986333794,0.300312045720479,1.46165685937744,10.3821138418328,0.000332986976130411,6.84155103562354e-05,9.63194986333794e-06,3.32986976130411e-05,6.84155103562354e-06,9.63194986333794e-07,3.32986976130411e-06,6.84155103562354e-07,9.63194986333794e-08
96,30.1790013728584,58.5060804365428,168.702393888112,0.0353,25.2807766415312,8.7673868615561,4.52245267768816,0.0039555746810294,0.0114059070939926,0.0221118952760649,0.0252807766415312,0.0087673868615561,0.00452245267768816,0.00252807766415312,0.00087673868615561,0.000452245267768816,0.000252807766415312,8.7673868615561e-05,4.52245267768816e-05
97,23.0619832191394,43.9745442466659,66.1537648986935,0.0353,9.91342514979027,6.58977389348966,3.45593700976455,0.0100873309163095,0.015175027492035,0.0289357125773577,0.00991342514979027,0.00658977389348966,0.00345593700976455,0.000991342514979028,0.000658977389348966,0.000345593700976455,9.91342514979027e-05,6.58977389348966e-05,3.45593700976455e-05
98,14.2236713379059,41.2309052271571,53.3870226906463,0.0353,8.00027412233237,6.17862782947356,2.13147810074725,0.0124995716985315,0.0161848233555962,0.0469157998690871,0.00800027412233237,0.00617862782947356,0.00213147810074725,0.000800027412233237,0.000617862782947356,0.000213147810074725,8.00027412233237e-05,6.17862782947356e-05,2.13147810074725e-05
99,7.32061527580315,9.30712136511998,10.7760624698281,0.368,2.90166682901324,2.50612553651982,1.97121968931055,0.0344629503980671,0.0399022309707864,0.0507300127643185,0.00290166682901324,0.00250612553651982,0.00197121968931055,0.000290166682901324,0.000250612553651982,0.000197121968931055,2.90166682901324e-05,2.50612553651982e-05,1.97121968931055e-05
100,11.7981656389343,21.8423300754134,41.2066888138955,70,41.2066888138955,21.8423300754134,11.7981656389343,0.00242679047694506,0.00457826613070755,0.00847589388557125,0.0412066888138955,0.0218423300754134,0.0117981656389343,0.00412066888138955,0.00218423300754134,0.00117981656389343,0.000412066888138955,0.000218423300754134,0.000117981656389343
101,88.1357097350425,323.520698369918,2336.51028149163,0.229,558.794415246756,77.3724647812932,21.078333262163,0.000178956691891492,0.00129244945579371,0.00474420812861454,0.558794415246756,0.0773724647812932,0.021078333262163,0.0558794415246756,0.00773724647812932,0.0021078333262163,0.00558794415246756,0.000773724647812932,0.00021078333262163
102,193.032990222252,511.176406088829,1037.38076327193,0.0373,157.612583682591,77.6646694576523,29.328120784644,0.000634467107026085,0.00128758675853924,0.00340969681399973,0.157612583682591,0.0776646694576523,0.029328120784644,0.0157612583682591,0.00776646694576523,0.0029328120784644,0.00157612583682591,0.000776646694576523,0.00029328120784644
103,35.5008262247731,65.4021432260794,145.768481980333,0.0373,22.1470725868733,9.93675720352558,5.39375429182355,0.00451526943833068,0.0100636453071954,0.0185399620727238,0.0221470725868733,0.00993675720352558,0.00539375429182355,0.00221470725868733,0.000993675720352558,0.000539375429182355,0.000221470725868733,9.93675720352558e-05,5.39375429182355e-05
104,0.737324321776038,1.30070082189167,2.50750156286079,70,2.50750156286079,1.30070082189167,0.737324321776038,0.0398803340668353,0.0768816305155903,0.135625527392239,0.00250750156286079,0.00130070082189167,0.000737324321776038,0.000250750156286079,0.000130070082189167,7.37324321776038e-05,2.50750156286079e-05,1.30070082189167e-05,7.37324321776038e-06
105,1.41169576204127,1.78030143422572,2.5851560881805,70,2.5851560881805,1.78030143422572,1.41169576204127,0.0386823838054524,0.0561702631237229,0.0708367926637415,0.0025851560881805,0.00178030143422572,0.00141169576204127,0.00025851560881805,0.000178030143422572,0.000141169576204127,2.5851560881805e-05,1.78030143422572e-05,1.41169576204127e-05
106,0.0257626184544556,4.89482342681193,16.2919010150533,0.0373,2.47528072911688,0.743686208848341,0.00391419717889173,0.0403994580589158,0.134465314550956,25.5480231142352,0.00247528072911688,0.000743686208848342,3.91419717889173e-06,0.000247528072911688,7.43686208848342e-05,3.91419717889173e-07,2.47528072911688e-05,7.43686208848342e-06,3.91419717889173e-08
107,6.1340408637569,11.2997634145088,15.0750015429243,0.38,4.09193526423717,3.06719042526852,1.66501463042701,0.024438314279794,0.0326031273363946,0.0600595323143521,0.00409193526423717,0.00306719042526852,0.00166501463042701,0.000409193526423717,0.000306719042526852,0.000166501463042701,4.09193526423717e-05,3.06719042526852e-05,1.66501463042701e-05
108,0.00722326769976861,2.15235896248923,8.42277127492877,0.38,2.28626409784096,0.584233010844398,0.00196067268978699,0.0437394787830659,0.171164583554546,51.0029035039315,0.00228626409784096,0.000584233010844398,1.96067268978699e-06,0.000228626409784096,5.84233010844398e-05,1.960672689787e-07,2.28626409784096e-05,5.84233010844398e-06,1.960672689787e-08
109,0.00105165384332118,0.883168201622924,5.22233936330465,0.38,1.41754377547976,0.23972582013897,0.00028545930393462,0.0705445586441627,0.417143217789513,350.312631683932,0.00141754377547976,0.00023972582013897,2.8545930393462e-07,0.000141754377547976,2.3972582013897e-05,2.8545930393462e-08,1.41754377547976e-05,2.3972582013897e-06,2.8545930393462e-09
110,1.68575909925797,125.117735630296,290.751584017714,70,290.751584017714,125.117735630296,1.68575909925797,0.000343936217365225,0.000799247201016208,0.0593204569051518,0.290751584017714,0.125117735630296,0.00168575909925797,0.0290751584017714,0.0125117735630296,0.000168575909925797,0.00290751584017714,0.00125117735630296,1.68575909925797e-05
111,1.00308927459296,1.73203867687525,2.70324170122873,70,2.70324170122873,1.73203867687525,1.00308927459296,0.0369926225814532,0.0577354312782488,0.0996920239632496,0.00270324170122873,0.00173203867687525,0.00100308927459296,0.000270324170122873,0.000173203867687525,0.000100308927459296,2.70324170122873e-05,1.73203867687525e-05,1.00308927459296e-05
112,53.0723398741419,177.175627395275,364.276622661778,0.0373,55.3457146166887,26.9188608349326,8.06345066903018,0.00180682462395826,0.00371486745346333,0.0124016384677687,0.0553457146166887,0.0269188608349326,0.00806345066903018,0.00553457146166887,0.00269188608349326,0.000806345066903018,0.000553457146166887,0.000269188608349326,8.06345066903018e-05
113,2.412215404666,4.65074262840984,12.2256109352974,0.38,3.31850105424817,1.26239043570868,0.654768044380193,0.0301340871572077,0.0792147953369607,0.15272584063668,0.00331850105424817,0.00126239043570868,0.000654768044380193,0.000331850105424817,0.000126239043570868,6.54768044380194e-05,3.31850105424817e-05,1.26239043570868e-05,6.54768044380193e-06
114,11.8439606564469,30.0671360001265,114.519951357937,0.0373,17.3993831925314,4.56819632356489,1.7994908968716,0.00574733017219394,0.0218904777546782,0.0555712730605358,0.0173993831925314,0.00456819632356489,0.0017994908968716,0.00173993831925314,0.000456819632356489,0.00017994908968716,0.000173993831925314,4.56819632356489e-05,1.7994908968716e-05
115,16.7213803291336,42.6328980306768,65.773521303861,0.462,18.7472286856244,12.1515265272119,4.76604467505023,0.00533412173483972,0.00822941872990704,0.0209817588415589,0.0187472286856244,0.0121515265272119,0.00476604467505023,0.00187472286856244,0.00121515265272119,0.000476604467505023,0.000187472286856244,0.000121515265272119,4.76604467505023e-05
116,26.192076408385,52.923219913017,85.7998551992934,70,85.7998551992934,52.923219913017,26.192076408385,0.0011655031324671,0.00188952977850473,0.00381794854446845,0.0857998551992934,0.052923219913017,0.026192076408385,0.00857998551992934,0.0052923219913017,0.0026192076408385,0.000857998551992934,0.00052923219913017,0.00026192076408385
117,1.2869319857013,3.97316696427234,15.5431850796434,0.514,4.5499464793979,1.16306258649824,0.376722764836338,0.0219782805034738,0.0859798958034414,0.265447191765657,0.0045499464793979,0.00116306258649824,0.000376722764836338,0.00045499464793979,0.000116306258649824,3.76722764836338e-05,4.5499464793979e-05,1.16306258649824e-05,3.76722764836338e-06
118,0.304239697492314,5.34818499634236,6.94170285013002,70,6.94170285013002,5.34818499634236,0.304239697492314,0.0144056872152237,0.0186979321149867,0.328688204807745,0.00694170285013002,0.00534818499634236,0.000304239697492314,0.000694170285013002,0.000534818499634236,3.04239697492314e-05,6.94170285013002e-05,5.34818499634236e-05,3.04239697492314e-06
119,3.03941100666154,7.42666230241728,8.20459685015814,70,8.20459685015814,7.42666230241728,3.03941100666154,0.0121882893000492,0.0134649989359892,0.0329011113603353,0.00820459685015814,0.00742666230241728,0.00303941100666154,0.000820459685015814,0.000742666230241728,0.000303941100666154,8.20459685015814e-05,7.42666230241728e-05,3.03941100666154e-05
120,2.55861473843001,6.0860087549602,9.91203370678942,70,9.91203370678942,6.0860087549602,2.55861473843001,0.010088746967386,0.0164311298301203,0.0390836488581165,0.00991203370678942,0.0060860087549602,0.00255861473843001,0.000991203370678942,0.00060860087549602,0.000255861473843001,9.91203370678942e-05,6.0860087549602e-05,2.55861473843001e-05
121,5.40555225383393,40.7592408049371,95.6260696099591,0.514,27.992557286751,11.9314261043084,1.58236380256094,0.00357237814950656,0.00838122778666752,0.0631965922363474,0.027992557286751,0.0119314261043084,0.00158236380256094,0.0027992557286751,0.00119314261043084,0.000158236380256094,0.00027992557286751,0.000119314261043084,1.58236380256094e-05
122,1.63856793700585,3.40055101235742,7.31480545599343,70,7.31480545599343,3.40055101235742,1.63856793700585,0.0136709035669656,0.0294069989353506,0.0610289007502061,0.00731480545599343,0.00340055101235742,0.00163856793700585,0.000731480545599343,0.000340055101235742,0.000163856793700585,7.31480545599343e-05,3.40055101235742e-05,1.63856793700585e-05
123,0.301596370170109,0.64009879226225,1.25126346746147,70,1.25126346746147,0.64009879226225,0.301596370170109,0.079919219733057,0.156225884517885,0.331568977251275,0.00125126346746147,0.00064009879226225,0.000301596370170109,0.000125126346746147,6.4009879226225e-05,3.01596370170109e-05,1.25126346746147e-05,6.4009879226225e-06,3.01596370170109e-06
124,0.247167693707669,0.330503404128703,0.483825282870151,70,0.483825282870151,0.330503404128703,0.247167693707669,0.206686181025472,0.302568744378374,0.404583618918548,0.000483825282870151,0.000330503404128703,0.000247167693707669,4.83825282870151e-05,3.30503404128703e-05,2.47167693707669e-05,4.83825282870151e-06,3.30503404128703e-06,2.47167693707669e-06
125,0.110641413680768,0.165240304622602,0.372960269729608,70,0.372960269729608,0.165240304622602,0.110641413680768,0.268125074213666,0.605179228084779,0.903820700343982,0.000372960269729608,0.000165240304622602,0.000110641413680768,3.72960269729608e-05,1.65240304622602e-05,1.10641413680768e-05,3.72960269729608e-06,1.65240304622602e-06,1.10641413680768e-06
126,19.9722167402088,37.7782830543579,124.991399600343,0.0373,18.9903438800794,5.73977560612309,3.03444289092513,0.00526583408028217,0.0174222838769728,0.0329549784242314,0.0189903438800794,0.00573977560612309,0.00303444289092513,0.00189903438800794,0.000573977560612309,0.000303444289092513,0.000189903438800794,5.73977560612309e-05,3.03444289092513e-05
127,1.07767408621811,11.777146262609,23.8469332795498,0.38,6.47297494150517,3.19677049231668,0.292522198700554,0.0154488470762945,0.031281570022104,0.341854397526825,0.00647297494150517,0.00319677049231668,0.000292522198700554,0.000647297494150517,0.000319677049231668,2.92522198700554e-05,6.47297494150517e-05,3.19677049231668e-05,2.92522198700554e-06
128,6.47989762902238,9.76526767417595,15.8283812405651,70,15.8283812405651,9.76526767417595,6.47989762902238,0.00631776544171928,0.0102403746969935,0.0154323425654314,0.0158283812405651,0.00976526767417595,0.00647989762902238,0.00158283812405651,0.000976526767417595,0.000647989762902238,0.000158283812405651,9.76526767417595e-05,6.47989762902238e-05
129,1.74959380231139,92.0678878015919,201.714923696434,0.38,54.7531890624426,24.9907660524249,0.474907054396228,0.00182637763593927,0.0040014779775147,0.210567518579261,0.0547531890624426,0.0249907660524249,0.000474907054396228,0.00547531890624426,0.00249907660524249,4.74907054396228e-05,0.000547531890624426,0.000249907660524249,4.74907054396228e-06
130,330.64385754722,633.277317436186,1641.79715703564,0.0373,249.443503258107,96.2158521947967,50.2357808355997,0.000400892381215986,0.00103932977486435,0.00199061303191957,0.249443503258107,0.0962158521947967,0.0502357808355997,0.0249443503258107,0.00962158521947967,0.00502357808355997,0.00249443503258107,0.000962158521947967,0.000502357808355997
131,0.749809405251128,1.51250505684637,2.95304196895573,0.338,0.778438459121815,0.398704833267845,0.197653973155396,0.128462306593656,0.250812108748181,0.505934681724712,0.000778438459121815,0.000398704833267845,0.000197653973155396,7.78438459121815e-05,3.98704833267845e-05,1.97653973155396e-05,7.78438459121815e-06,3.98704833267845e-06,1.97653973155396e-06
132,0.570782515679801,1.4145550305202,3.25427633446381,0.134,0.680700575136905,0.295884038070342,0.119391209218054,0.146907470997637,0.337970242167056,0.837582604740705,0.000680700575136905,0.000295884038070342,0.000119391209218054,6.80700575136906e-05,2.95884038070342e-05,1.19391209218054e-05,6.80700575136905e-06,2.95884038070342e-06,1.19391209218054e-06
133,0.525523303556276,0.908549189117361,3.44214311811737,0.338,0.907368270790809,0.239498672300616,0.138530896260041,0.110208834956115,0.417538849127653,0.721860629648181,0.000907368270790809,0.000239498672300616,0.000138530896260041,9.07368270790809e-05,2.39498672300616e-05,1.38530896260041e-05,9.07368270790809e-06,2.39498672300616e-06,1.38530896260041e-06
134,0.0642025123078849,0.108775755767232,0.389894449122026,70,0.389894449122026,0.108775755767232,0.0642025123078849,0.256479670908838,0.919322502470025,1.55757144705564,0.000389894449122026,0.000108775755767232,6.42025123078849e-05,3.89894449122026e-05,1.08775755767232e-05,6.42025123078849e-06,3.89894449122026e-06,1.08775755767232e-06,6.42025123078849e-07
135,2.88002956527685,5.78922201441218,7.42894225033062,70,7.42894225033062,5.78922201441218,2.88002956527685,0.0134608665177805,0.017273478154932,0.0347218657772311,0.00742894225033062,0.00578922201441218,0.00288002956527685,0.000742894225033062,0.000578922201441218,0.000288002956527685,7.42894225033062e-05,5.78922201441218e-05,2.88002956527685e-05
136,0.19775103897221,0.545338880871894,1.27141061295705,0.229,0.304067632671532,0.130421990205662,0.0472936828321466,0.328874201839249,0.766741864944019,2.11444730060286,0.000304067632671532,0.000130421990205662,4.72936828321466e-05,3.04067632671532e-05,1.30421990205662e-05,4.72936828321466e-06,3.04067632671532e-06,1.30421990205662e-06,4.72936828321466e-07
137,0.952730622396892,33.108183134386,172.125960038295,0.0353,25.793812699678,4.96140311667683,0.142770766372984,0.00387689874173773,0.0201555885801475,0.70042350083597,0.025793812699678,0.00496140311667683,0.000142770766372984,0.0025793812699678,0.000496140311667683,1.42770766372984e-05,0.00025793812699678,4.96140311667683e-05,1.42770766372984e-06
138,3.919133354225,7.69796359912196,13.0653074117794,70,13.0653074117794,7.69796359912196,3.919133354225,0.00765385741401248,0.0129904485403654,0.0255158452039392,0.0130653074117794,0.00769796359912196,0.003919133354225,0.00130653074117794,0.000769796359912196,0.0003919133354225,0.000130653074117794,7.69796359912196e-05,3.919133354225e-05
139,2.22486301595595,4.54618518878012,27.5619934213847,0.284,6.95609812591697,1.14736658514724,0.561511107672836,0.0143758754102995,0.087156102761322,0.178090867007861,0.00695609812591697,0.00114736658514724,0.000561511107672836,0.000695609812591697,0.000114736658514724,5.61511107672836e-05,6.95609812591697e-05,1.14736658514724e-05,5.61511107672836e-06
140,0.112538626666133,2.9947087984463,9.91377656140801,70,9.91377656140801,2.9947087984463,0.112538626666133,0.010086973352746,0.0333922283368191,0.888583795292516,0.00991377656140801,0.0029947087984463,0.000112538626666133,0.000991377656140801,0.00029947087984463,1.12538626666133e-05,9.91377656140801e-05,2.9947087984463e-05,1.12538626666133e-06
141,1.15010663988502,2.83472739721019,4.98380514638893,70,4.98380514638893,2.83472739721019,1.15010663988502,0.0200649899148758,0.035276760685495,0.0869484589794189,0.00498380514638893,0.00283472739721019,0.00115010663988502,0.000498380514638893,0.000283472739721019,0.000115010663988502,4.98380514638893e-05,2.83472739721019e-05,1.15010663988502e-05
142,8.5908542293866,15.3840672843732,35.7145400644513,0.229,8.54140711008611,3.67921808450166,2.05456890286635,0.0117076728355349,0.0271796881030891,0.0486720108829102,0.00854140711008611,0.00367921808450166,0.00205456890286635,0.000854140711008611,0.000367921808450166,0.000205456890286635,8.54140711008612e-05,3.67921808450166e-05,2.05456890286635e-05
143,0.00224996777527893,3.13595760052526,25.319895141431,70,25.319895141431,3.13595760052526,0.00224996777527893,0.00394946343345513,0.0318881862379933,44.4450809912613,0.025319895141431,0.00313595760052526,2.24996777527893e-06,0.0025319895141431,0.000313595760052526,2.24996777527893e-07,0.00025319895141431,3.13595760052526e-05,2.24996777527893e-08
144,81.2712352229103,200.613779697847,309.340357836786,0.0353,46.3559781959572,30.0628345506364,12.1788428587113,0.00215721906627183,0.00332636630892422,0.00821096069307371,0.0463559781959572,0.0300628345506364,0.0121788428587113,0.00463559781959572,0.00300628345506364,0.00121788428587113,0.000463559781959572,0.000300628345506364,0.000121788428587113
145,2.62499288970599,9.01817476933635,32.15299277651,0.0353,4.81826374840194,1.35141213354145,0.393366433047047,0.0207543640659287,0.0739966717169723,0.254215895406713,0.00481826374840193,0.00135141213354145,0.000393366433047047,0.000481826374840194,0.000135141213354145,3.93366433047047e-05,4.81826374840194e-05,1.35141213354145e-05,3.93366433047047e-06
146,18.7580766832635,33.3510324654267,68.9129003439236,70,68.9129003439236,33.3510324654267,18.7580766832635,0.00145110711493683,0.00299840792346279,0.00533103695482932,0.0689129003439236,0.0333510324654267,0.0187580766832635,0.00689129003439236,0.00333510324654267,0.00187580766832635,0.000689129003439236,0.000333510324654267,0.000187580766832635
147,0.094843550087275,0.986338493795217,2.73977311013296,0.38,0.743679804837159,0.267730205780948,0.0257441875599491,0.134466472465118,0.373510339292154,3.88437194870242,0.000743679804837159,0.000267730205780948,2.57441875599491e-05,7.43679804837159e-05,2.67730205780948e-05,2.57441875599491e-06,7.43679804837159e-06,2.67730205780948e-06,2.57441875599491e-07
148,11.4954083319373,21.066186790906,34.9431627571076,70,34.9431627571076,21.066186790906,11.4954083319373,0.00286179017895739,0.00474694357325117,0.00869912552146351,0.0349431627571076,0.021066186790906,0.0114954083319373,0.00349431627571076,0.0021066186790906,0.00114954083319373,0.000349431627571076,0.00021066186790906,0.000114954083319373
149,50.4942796871545,73.8353401382881,167.258300350622,0.0373,25.4120895566578,11.2180398348373,7.67175772334771,0.00393513488046876,0.00891421330930315,0.0130348224756455,0.0254120895566578,0.0112180398348373,0.00767175772334771,0.00254120895566578,0.00112180398348373,0.000767175772334771,0.000254120895566578,0.000112180398348373,7.67175772334771e-05
150,191.651291265126,247.104365169197,826.813292197944,0.0373,125.620393032357,37.5433580537239,29.1181948343909,0.000796049093511767,0.00266358698806062,0.00343427882699281,0.125620393032357,0.0375433580537239,0.0291181948343909,0.0125620393032357,0.00375433580537239,0.00291181948343909,0.00125620393032357,0.000375433580537239,0.000291181948343909
151,387.391910121976,611.312947548526,734.587921763669,0.38,199.395417187092,165.933847531358,105.153065065678,0.000501516039890577,0.000602649799831239,0.000950994628045706,0.199395417187092,0.165933847531358,0.105153065065678,0.0199395417187092,0.0165933847531358,0.0105153065065678,0.00199395417187092,0.00165933847531358,0.00105153065065678
152,32.3363243420899,46.1627959658547,61.5451688298271,70,61.5451688298271,46.1627959658547,32.3363243420899,0.00162482290488959,0.00216624660416945,0.00309249743236392,0.0615451688298271,0.0461627959658547,0.0323363243420899,0.00615451688298271,0.00461627959658547,0.00323363243420899,0.000615451688298271,0.000461627959658547,0.000323363243420899
153,30.7493350670796,45.2734215150788,57.6467768346986,70,57.6467768346986,45.2734215150788,30.7493350670796,0.00173470236309566,0.0022088014701229,0.00325210284325987,0.0576467768346986,0.0452734215150788,0.0307493350670796,0.00576467768346986,0.00452734215150788,0.00307493350670796,0.000576467768346986,0.000452734215150788,0.000307493350670796
154,413.431565985058,861.779740525631,1277.45649019694,0.229,305.513550741604,206.101257072618,98.8753407118268,0.000327317723738472,0.000485198399176992,0.0010113745174487,0.305513550741604,0.206101257072618,0.0988753407118268,0.0305513550741604,0.0206101257072618,0.00988753407118268,0.00305513550741604,0.00206101257072618,0.000988753407118268
155,0.0567717488400995,16.3628454486271,59.4721663825605,0.229,14.2232262791435,3.91330041501099,0.0135774006418609,0.00703075364459588,0.0255538776467074,7.36518002508424,0.0142232262791435,0.00391330041501099,1.35774006418609e-05,0.00142232262791435,0.000391330041501099,1.35774006418609e-06,0.000142232262791435,3.91330041501099e-05,1.35774006418609e-07
156,90.7893955300667,211.537082249573,363.458927460198,0.368,97.8684669351967,56.9605211911529,24.4468309434327,0.00102177956937054,0.00175560191355012,0.00409050973647215,0.0978684669351967,0.0569605211911529,0.0244468309434327,0.00978684669351967,0.00569605211911529,0.00244468309434327,0.000978684669351967,0.000569605211911529,0.000244468309434327
157,30.5459343715452,31.4356101415009,34.6638644347805,0.38,9.40910611992548,8.53283373302173,8.29134150852987,0.0106280021423323,0.0117194361367905,0.0120607744714318,0.00940910611992548,0.00853283373302173,0.00829134150852987,0.000940910611992548,0.000853283373302173,0.000829134150852987,9.40910611992548e-05,8.53283373302173e-05,8.29134150852987e-05
158,31.4699109354923,33.6163455784229,160.713626527001,0.368,43.2753058336029,9.05186241734098,8.47389266062557,0.00231078667322441,0.0110474502803342,0.0118009519361339,0.0432753058336029,0.00905186241734098,0.00847389266062557,0.00432753058336029,0.000905186241734098,0.000847389266062557,0.000432753058336029,9.05186241734098e-05,8.47389266062557e-05
159,2.05961172365918,2.52147697789921,3.02214098681562,70,3.02214098681562,2.52147697789921,2.05961172365918,0.0330891247086948,0.0396592952767373,0.0485528407375427,0.00302214098681562,0.00252147697789921,0.00205961172365918,0.000302214098681562,0.000252147697789921,0.000205961172365918,3.02214098681562e-05,2.52147697789921e-05,2.05961172365918e-05
160,12.8235081757855,34.9503396792173,56.628603243814,0.38,15.371181085326,9.48686652026136,3.48079336286101,0.00650568095222458,0.0105408882676305,0.0287290825898972,0.015371181085326,0.00948686652026136,0.00348079336286101,0.0015371181085326,0.000948686652026136,0.000348079336286101,0.00015371181085326,9.48686652026136e-05,3.48079336286101e-05
161,0.22323974126454,0.485727325510547,2.51934875662037,0.0373,0.382772729924211,0.0737981090930294,0.0339175292689652,0.261251631013003,1.35504826924414,2.9483279636026,0.000382772729924211,7.37981090930294e-05,3.39175292689652e-05,3.82772729924211e-05,7.37981090930294e-06,3.39175292689652e-06,3.82772729924211e-06,7.37981090930294e-07,3.39175292689652e-07
162,28.7628349040215,57.0223312069424,130.209133386887,0.38,35.3437671707335,15.4780539988878,7.80733972783172,0.00282935317893349,0.00646076050692068,0.0128084601779936,0.0353437671707335,0.0154780539988878,0.00780733972783172,0.00353437671707335,0.00154780539988878,0.000780733972783172,0.000353437671707335,0.000154780539988878,7.80733972783172e-05
163,1.45979695361546,5.03927327596867,21.3284182938935,0.0373,3.2404949389662,0.765632937324727,0.221791629127208,0.0308594834688748,0.13061089083944,0.450873643849946,0.0032404949389662,0.000765632937324727,0.000221791629127208,0.00032404949389662,7.65632937324727e-05,2.21791629127208e-05,3.2404949389662e-05,7.65632937324727e-06,2.21791629127208e-06
164,17.715505625996,39.8584339879636,79.6000024148652,0.0373,12.093883447556,6.0558196033737,2.69157353964234,0.00826864261042709,0.0165130414294854,0.0371529882156919,0.012093883447556,0.0060558196033737,0.00269157353964234,0.0012093883447556,0.00060558196033737,0.000269157353964234,0.00012093883447556,6.0558196033737e-05,2.69157353964234e-05
165,3.80120129695713,31.7630293387951,79.0050215443377,0.0373,12.0034860972621,4.82585883305138,0.57752869411362,0.00833091313554392,0.0207217002111871,0.173151569816766,0.0120034860972621,0.00482585883305138,0.00057752869411362,0.00120034860972621,0.000482585883305138,5.7752869411362e-05,0.000120034860972621,4.82585883305138e-05,5.7752869411362e-06
166,0.84292000571771,1.6199614401855,2.57450550513187,0.38,0.698819819979817,0.439719845130683,0.22880091166201,0.143098402679661,0.227417527562988,0.437061195576537,0.000698819819979817,0.000439719845130683,0.000228800911662011,6.98819819979817e-05,4.39719845130683e-05,2.28800911662011e-05,6.98819819979817e-06,4.39719845130683e-06,2.28800911662011e-06
167,0.0117404167659374,0.0229002112493854,0.0708568300978921,70,0.0708568300978921,0.0229002112493854,0.0117404167659374,1.41129655196041,4.36677194419697,8.51758519255731,7.08568300978921e-05,2.29002112493854e-05,1.17404167659374e-05,7.08568300978921e-06,2.29002112493854e-06,1.17404167659374e-06,7.08568300978921e-07,2.29002112493854e-07,1.17404167659374e-07
168,0.0195303572988432,0.0301166317202107,0.0333761865815523,70,0.0333761865815523,0.0301166317202107,0.0195303572988432,2.99614815957651,3.32042443952628,5.12023402694855,3.33761865815523e-05,3.01166317202107e-05,1.95303572988432e-05,3.33761865815523e-06,3.01166317202107e-06,1.95303572988432e-06,3.33761865815523e-07,3.01166317202107e-07,1.95303572988432e-07
169,3.93887749021857,36.3835745480422,70.6505867460097,0.38,19.1772867499796,9.87590159166615,1.06916285599323,0.00521450199414192,0.0101256578016518,0.0935311205766699,0.0191772867499796,0.00987590159166615,0.00106916285599323,0.00191772867499796,0.000987590159166616,0.000106916285599323,0.000191772867499796,9.87590159166616e-05,1.06916285599324e-05
170,5.65365297962206,308.346887940943,1530.72397759866,0.0373,232.567799168814,46.8481307919905,0.858977614499516,0.000429982140078701,0.00213455688219469,0.116417469223881,0.232567799168814,0.0468481307919905,0.000858977614499516,0.0232567799168814,0.00468481307919905,8.58977614499516e-05,0.00232567799168814,0.000468481307919905,8.58977614499516e-06
171,140.986580801147,440.195459876852,1064.18774280461,0.0353,159.473093478103,65.9651759722124,21.1274432836495,0.000627065029084239,0.00151595138686698,0.0047331803785927,0.159473093478103,0.0659651759722124,0.0211274432836495,0.0159473093478103,0.00659651759722124,0.00211274432836495,0.00159473093478103,0.000659651759722124,0.000211274432836495
172,60.9589616068006,116.049632007719,209.397900774042,0.0353,31.3791727353022,17.3905346480431,9.13496161591692,0.00318682716219277,0.00575025449325404,0.0109469534963079,0.0313791727353022,0.0173905346480431,0.00913496161591692,0.00313791727353022,0.00173905346480431,0.000913496161591692,0.000313791727353022,0.000173905346480431,9.13496161591692e-05
173,6.82788936411015,14.2943408520626,29.4422947245025,70,29.4422947245025,14.2943408520626,6.82788936411015,0.00339647438950395,0.00699577553347418,0.0146458143457385,0.0294422947245025,0.0142943408520626,0.00682788936411015,0.00294422947245025,0.00142943408520626,0.000682788936411015,0.000294422947245025,0.000142943408520626,6.82788936411015e-05
174,0.225741277493371,8.27998557675248,44.2391058071857,0.0363,6.67587945893234,1.24948695556861,0.034065371122541,0.0149792998233663,0.0800328483257297,2.9355323809706,0.00667587945893234,0.00124948695556861,3.4065371122541e-05,0.000667587945893234,0.000124948695556861,3.4065371122541e-06,6.67587945893234e-05,1.24948695556861e-05,3.4065371122541e-07
175,124.563656502088,163.409842957938,489.800223312257,0.0353,73.3986623375462,24.4876652051967,18.6663977025142,0.00136242264934093,0.00408368863107366,0.00535722004822232,0.0733986623375462,0.0244876652051967,0.0186663977025142,0.00733986623375462,0.00244876652051967,0.00186663977025142,0.000733986623375462,0.000244876652051967,0.000186663977025142
176,2.62054919509916,4.63548116085257,8.97565654318253,70,8.97565654318253,4.63548116085257,2.62054919509916,0.011141246271946,0.0215727335588195,0.0381599399801445,0.00897565654318253,0.00463548116085257,0.00262054919509916,0.000897565654318253,0.000463548116085257,0.000262054919509916,8.97565654318253e-05,4.63548116085257e-05,2.62054919509916e-05
177,1.12291911117108,2.48495136078641,3.71771784641138,70,3.71771784641138,2.48495136078641,1.12291911117108,0.026898222009109,0.0402422363584425,0.0890536094765643,0.00371771784641138,0.00248495136078641,0.00112291911117108,0.000371771784641138,0.000248495136078641,0.000112291911117108,3.71771784641138e-05,2.48495136078641e-05,1.12291911117108e-05
178,2.11963874407324,4.11477016545341,8.64155116375614,70,8.64155116375614,4.11477016545341,2.11963874407324,0.0115719965206494,0.0243026939486378,0.0471778506028972,0.00864155116375614,0.00411477016545341,0.00211963874407324,0.000864155116375614,0.000411477016545341,0.000211963874407324,8.64155116375614e-05,4.11477016545341e-05,2.11963874407324e-05
179,10.1335641313798,20.1551549655668,44.7980738911624,0.0373,6.80631492309528,3.06223728173497,1.53962487179968,0.0146922381832023,0.0326558626258195,0.0649508863046031,0.00680631492309528,0.00306223728173497,0.00153962487179968,0.000680631492309528,0.000306223728173497,0.000153962487179968,6.80631492309528e-05,3.06223728173497e-05,1.53962487179968e-05
180,29.245802120653,62.2898662861165,122.234335321799,0.0353,18.317338942125,9.33440338525701,4.3826087708335,0.00545930827157577,0.0107130574791681,0.0228174599260389,0.018317338942125,0.00933440338525701,0.0043826087708335,0.0018317338942125,0.000933440338525701,0.00043826087708335,0.00018317338942125,9.33440338525701e-05,4.3826087708335e-05
181,130.86673812695,141.413580392252,154.260846989556,0.229,36.8926687255868,33.8201460482303,31.2977875535881,0.00271056563415932,0.00295681750922636,0.00319511402615216,0.0368926687255868,0.0338201460482303,0.0312977875535881,0.00368926687255868,0.00338201460482303,0.00312977875535881,0.000368926687255868,0.000338201460482303,0.000312977875535881
182,12.6957052253578,19.5605496010857,55.4826832653826,0.229,13.2691106892146,4.67805597211664,3.03627560886229,0.00753630008386936,0.0213764009229573,0.0329350865606929,0.0132691106892146,0.00467805597211664,0.00303627560886229,0.00132691106892146,0.000467805597211664,0.000303627560886229,0.000132691106892146,4.67805597211664e-05,3.03627560886229e-05
183,4.31537667977778,8.22073286024296,21.9468281399007,70,21.9468281399007,8.22073286024296,4.31537667977778,0.00455646708319522,0.0121643655985489,0.0231729481388284,0.0219468281399007,0.00822073286024296,0.00431537667977778,0.00219468281399007,0.000822073286024296,0.000431537667977778,0.000219468281399007,8.22073286024296e-05,4.31537667977778e-05
184,80.7086796374502,208.892710308697,793.555952279104,0.0373,120.567498804315,31.7377388803403,12.2623283307737,0.000829410919125916,0.00315082307460612,0.00815505810173414,0.120567498804315,0.0317377388803403,0.0122623283307737,0.0120567498804315,0.00317377388803403,0.00122623283307737,0.00120567498804315,0.000317377388803403,0.000122623283307737
185,250.983352661776,567.526195657511,1480.96289510174,0.38,401.990293549121,154.048438852687,68.1265357465412,0.000248762225368958,0.000649146468115966,0.00146785681826009,0.401990293549121,0.154048438852687,0.0681265357465412,0.0401990293549121,0.0154048438852687,0.00681265357465412,0.00401990293549121,0.00154048438852687,0.000681265357465412
186,0.0808693161874543,0.128607237354727,0.152540535692521,70,0.152540535692521,0.128607237354727,0.0808693161874543,0.655563451026368,0.777561217057933,1.23656294765991,0.000152540535692521,0.000128607237354727,8.08693161874543e-05,1.52540535692521e-05,1.28607237354727e-05,8.08693161874543e-06,1.52540535692521e-06,1.28607237354727e-06,8.08693161874543e-07
187,0.0188834363863496,0.0325429364208656,0.0445965249909537,70,0.0445965249909537,0.0325429364208656,0.0188834363863496,2.24232717729206,3.07286345358444,5.29564629837648,4.45965249909537e-05,3.25429364208656e-05,1.88834363863496e-05,4.45965249909537e-06,3.25429364208656e-06,1.88834363863496e-06,4.45965249909537e-07,3.25429364208656e-07,1.88834363863496e-07
188,0.0431309241910608,0.0740167564348532,0.0901138048019896,70,0.0901138048019896,0.0740167564348532,0.0431309241910608,1.10970788792831,1.35104542291064,2.31852207842849,9.01138048019896e-05,7.40167564348532e-05,4.31309241910608e-05,9.01138048019896e-06,7.40167564348532e-06,4.31309241910608e-06,9.01138048019896e-07,7.40167564348532e-07,4.31309241910608e-07
189,0.0426147673507102,0.0962281207887466,0.265656206920777,70,0.265656206920777,0.0962281207887466,0.0426147673507102,0.376426363829781,1.03919726562606,2.34660438662077,0.000265656206920777,9.62281207887466e-05,4.26147673507102e-05,2.65656206920777e-05,9.62281207887466e-06,4.26147673507102e-06,2.65656206920777e-06,9.62281207887466e-07,4.26147673507102e-07
190,1.30974582572786,3.06097170476664,13.8678781378081,0.452,3.93115452573618,0.867699632976849,0.37127620961255,0.0254378196902024,0.115247254003008,0.269341254330182,0.00393115452573618,0.000867699632976849,0.00037127620961255,0.000393115452573618,8.67699632976849e-05,3.7127620961255e-05,3.93115452573618e-05,8.67699632976849e-06,3.7127620961255e-06
191,164.799725611644,307.418534230071,561.733190419628,70,561.733190419628,307.418534230071,164.799725611644,0.000178020458298534,0.000325289430744473,0.000606797126808653,0.561733190419628,0.307418534230071,0.164799725611644,0.0561733190419628,0.0307418534230071,0.0164799725611644,0.00561733190419628,0.00307418534230071,0.00164799725611644
192,0.00195121456553459,0.118343753244374,0.264269096109037,70,0.264269096109037,0.118343753244374,0.00195121456553459,0.378402172150845,0.844996015915643,51.2501299274599,0.000264269096109037,0.000118343753244374,1.95121456553459e-06,2.64269096109037e-05,1.18343753244374e-05,1.95121456553459e-07,2.64269096109037e-06,1.18343753244374e-06,1.95121456553459e-08
193,0.268929409020725,0.462416386567181,0.807811358354146,70,0.807811358354146,0.462416386567181,0.268929409020725,0.123791277463271,0.216255312105969,0.371844791405069,0.000807811358354146,0.000462416386567181,0.000268929409020725,8.07811358354146e-05,4.62416386567181e-05,2.68929409020725e-05,8.07811358354146e-06,4.62416386567181e-06,2.68929409020725e-06
194,1.05930584920395,2.0864449579279,4.02210361719485,70,4.02210361719485,2.0864449579279,1.05930584920395,0.02486261158775,0.0479284150871214,0.0944014422984148,0.00402210361719485,0.0020864449579279,0.00105930584920395,0.000402210361719485,0.00020864449579279,0.000105930584920395,4.02210361719485e-05,2.0864449579279e-05,1.05930584920395e-05
195,16.2391789945914,27.0401115665208,45.8971879508027,70,45.8971879508027,27.0401115665208,16.2391789945914,0.00217878271991718,0.00369820959332923,0.00615794678002539,0.0458971879508027,0.0270401115665208,0.0162391789945914,0.00458971879508027,0.00270401115665208,0.00162391789945914,0.000458971879508027,0.000270401115665208,0.000162391789945914
196,140.816026081933,302.567911046661,574.018272574572,0.338,151.314442635141,79.7586017845045,37.1198958617037,0.000660875447567991,0.00125378326302892,0.00269397307504758,0.151314442635141,0.0797586017845045,0.0371198958617037,0.0151314442635141,0.00797586017845045,0.00371198958617037,0.00151314442635141,0.000797586017845045,0.000371198958617037
197,131.591351304927,299.839890107114,744.214696616411,0.523,218.800925336932,88.1536547271052,38.6881763592686,0.000457036458351399,0.00113438291707323,0.00258476902791627,0.218800925336932,0.0881536547271052,0.0386881763592686,0.0218800925336932,0.00881536547271052,0.00386881763592686,0.00218800925336932,0.000881536547271052,0.000386881763592686
198,1.07198799512104e-05,2.13338987381055e-05,6.43387150792674e-05,70,6.43387150792674e-05,2.13338987381055e-05,1.07198799512104e-05,1554.27412370292,4687.37576884553,9328.4626745012,6.43387150792674e-08,2.13338987381055e-08,1.07198799512104e-08,6.43387150792674e-09,2.13338987381055e-09,1.07198799512104e-09,6.43387150792674e-10,2.13338987381055e-10,1.07198799512104e-10
199,156.398413091908,282.834783361458,877.937908089472,0.0373,133.387919755167,42.9719949889025,23.7621120845973,0.000749693077030884,0.0023270969855094,0.00420838011553781,0.133387919755167,0.0429719949889025,0.0237621120845973,0.0133387919755167,0.00429719949889025,0.00237621120845973,0.00133387919755167,0.000429719949889025,0.000237621120845973
200,352.221797948803,646.342663051671,1021.24281889262,0.0353,153.037612603856,96.8572177424992,52.7819457507395,0.000653434134906783,0.00103244757934154,0.00189458722253715,0.153037612603856,0.0968572177424992,0.0527819457507395,0.0153037612603856,0.00968572177424992,0.00527819457507395,0.00153037612603856,0.000968572177424992,0.000527819457507395
201,543.392015078389,857.185359280679,3970.51913471153,0.514,1162.28748906959,250.923313829576,159.066791862171,8.6037233421526e-05,0.000398528133850164,0.000628666730681589,1.16228748906959,0.250923313829576,0.159066791862171,0.116228748906959,0.0250923313829576,0.0159066791862171,0.0116228748906959,0.00250923313829576,0.00159066791862171
202,52.2661617654679,74.6147317516899,94.2020936588699,0.38,25.5700716122731,20.2533081815599,14.187046670972,0.00391082205463992,0.00493746498614223,0.00704868337429304,0.0255700716122731,0.0202533081815599,0.014187046670972,0.00255700716122731,0.00202533081815599,0.0014187046670972,0.000255700716122731,0.000202533081815599,0.00014187046670972
203,328.503379448002,430.526939008106,985.780075109486,0.38,267.578629470601,116.861571052922,89.1684527498634,0.000373721923151517,0.000855713294789731,0.00112147286305978,0.267578629470601,0.116861571052922,0.0891684527498634,0.0267578629470601,0.0116861571052922,0.00891684527498634,0.00267578629470601,0.00116861571052922,0.000891684527498634
204,125.472670708915,166.642307524277,253.720016537943,0.38,68.8693715856862,45.2331319987493,34.0581090164341,0.00145202428449026,0.00221076886744798,0.00293615831553499,0.0688693715856862,0.0452331319987493,0.0340581090164341,0.00688693715856862,0.00452331319987493,0.00340581090164341,0.000688693715856862,0.000452331319987493,0.000340581090164341
205,164.101797319595,192.337613777803,222.010811890612,0.38,60.2622737802317,52.2078264612867,44.5435398109082,0.00165941299136316,0.0019154216288654,0.00224499445765896,0.0602622737802317,0.0522078264612867,0.0445435398109082,0.00602622737802317,0.00522078264612867,0.00445435398109082,0.000602622737802318,0.000522078264612867,0.000445435398109082
206,45.8025081735742,75.5311210433903,97.8912429131663,0.38,26.5714486194798,20.5020514833633,12.432562467891,0.00376343802071404,0.00487756067148434,0.00804339413200339,0.0265714486194798,0.0205020514833633,0.012432562467891,0.00265714486194798,0.00205020514833633,0.0012432562467891,0.000265714486194798,0.000205020514833633,0.00012432562467891
207,19.8338100146961,71.4455483271947,167.8540418103,0.0353,25.1536474473434,10.7064215727102,2.97218142182764,0.00397556657376787,0.0093401889063375,0.0336453216703401,0.0251536474473434,0.0107064215727102,0.00297218142182764,0.00251536474473434,0.00107064215727102,0.000297218142182764,0.000251536474473434,0.000107064215727102,2.97218142182764e-05
208,11.4996878270444,23.024789719535,286.720107778437,0.0353,42.9662367932361,3.45036340446859,1.72327749892902,0.00232740885549796,0.0289824543903084,0.0580289593882284,0.0429662367932361,0.00345036340446859,0.00172327749892902,0.00429662367932361,0.000345036340446859,0.000172327749892902,0.000429662367932361,3.45036340446859e-05,1.72327749892902e-05
209,5.26010748284233,18.5213713795785,165.34946237068,0.0363,24.951975390213,2.79495800125557,0.793773808393287,0.00400769872669974,0.0357787129377534,0.125980473206107,0.024951975390213,0.00279495800125557,0.000793773808393288,0.0024951975390213,0.000279495800125557,7.93773808393288e-05,0.00024951975390213,2.79495800125557e-05,7.93773808393288e-06
210,266.899094174092,400.002410519671,544.500341396448,0.284,137.421040141831,100.952640675812,67.3600149455396,0.000727690606160389,0.00099056348928136,0.00148456024068358,0.137421040141831,0.100952640675812,0.0673600149455396,0.0137421040141831,0.0100952640675812,0.00673600149455396,0.00137421040141831,0.00100952640675812,0.000673600149455396
211,0.00354473821432891,0.162769195209956,0.656607471160445,0.0353,0.0983954432239835,0.0243916613948811,0.000531194211201196,1.01630722646743,4.09976173336788,188.255063574335,9.83954432239835e-05,2.43916613948811e-05,5.31194211201196e-07,9.83954432239835e-06,2.43916613948811e-06,5.31194211201196e-08,9.83954432239835e-07,2.43916613948811e-07,5.31194211201196e-09
212,18.4779193696555,29.2065184930011,54.9681046591809,0.38,14.9204578999698,7.92777251974484,5.0156180523851,0.00670220717557216,0.0126138836288429,0.0199377223216681,0.0149204578999698,0.00792777251974484,0.0050156180523851,0.00149204578999698,0.000792777251974484,0.00050156180523851,0.000149204578999698,7.92777251974484e-05,5.0156180523851e-05
213,0.112077046798703,0.219675301288562,0.504808603729899,70,0.504808603729899,0.219675301288562,0.112077046798703,0.198094880438103,0.45521731124721,0.892243352732214,0.000504808603729899,0.000219675301288562,0.000112077046798703,5.04808603729899e-05,2.19675301288562e-05,1.12077046798703e-05,5.04808603729899e-06,2.19675301288562e-06,1.12077046798703e-06
214,0.226295386992193,0.561735905543879,0.850617754857498,0.452,0.241126277823503,0.159236375269761,0.0641483957305804,0.414720456445634,0.627997213768466,1.5588854383825,0.000241126277823503,0.000159236375269761,6.41483957305804e-05,2.41126277823503e-05,1.59236375269761e-05,6.41483957305804e-06,2.41126277823503e-06,1.59236375269761e-06,6.41483957305804e-07
215,0.0150827269205353,0.0446773059132241,0.210663751545261,0.452,0.0597172654724963,0.01266476324591,0.00427553008505718,1.67455758747119,7.89592336298071,23.3889127220731,5.97172654724963e-05,1.266476324591e-05,4.27553008505718e-06,5.97172654724963e-06,1.266476324591e-06,4.27553008505718e-07,5.97172654724963e-07,1.266476324591e-07,4.27553008505718e-08
216,2.3065998412861,5.21880040679749,58.5696999821045,0.38,15.8980694025238,1.41658316656115,0.626099918077458,0.00629007192433849,0.0705923960982514,0.159718915643794,0.0158980694025238,0.00141658316656115,0.000626099918077458,0.00158980694025238,0.000141658316656115,6.26099918077458e-05,0.000158980694025238,1.41658316656115e-05,6.26099918077458e-06
217,0.0371377808723224,0.105981200789479,0.475079439886522,0.462,0.135410461943265,0.0302075024750243,0.0105852698333359,0.738495375947382,3.31043587872518,9.44709030326961,0.000135410461943265,3.02075024750243e-05,1.05852698333359e-05,1.35410461943265e-05,3.02075024750243e-06,1.05852698333359e-06,1.35410461943265e-06,3.02075024750243e-07,1.05852698333359e-07
218,0.102496999344389,0.211487083655686,0.365480139050054,70,0.365480139050054,0.211487083655686,0.102496999344389,0.2736126790909,0.472842115326561,0.975638317605776,0.000365480139050054,0.000211487083655686,0.000102496999344389,3.65480139050054e-05,2.11487083655686e-05,1.02496999344389e-05,3.65480139050054e-06,2.11487083655686e-06,1.02496999344389e-06
219,0.154734590395415,0.2725550346924,0.38887705301491,70,0.38887705301491,0.2725550346924,0.154734590395415,0.257150683550788,0.366898377470289,0.646267907805591,0.00038887705301491,0.0002725550346924,0.000154734590395415,3.8887705301491e-05,2.725550346924e-05,1.54734590395415e-05,3.8887705301491e-06,2.725550346924e-06,1.54734590395415e-06
220,0.169338754067855,0.281950977568886,0.734026933997338,70,0.734026933997338,0.281950977568886,0.169338754067855,0.136234782905613,0.354671584621721,0.590532276858075,0.000734026933997338,0.000281950977568886,0.000169338754067855,7.34026933997338e-05,2.81950977568886e-05,1.69338754067855e-05,7.34026933997338e-06,2.81950977568886e-06,1.69338754067855e-06
221,0.40809578463258,0.64729300016394,0.938979958314641,70,0.938979958314641,0.64729300016394,0.40809578463258,0.106498545697917,0.154489543336129,0.245040511972043,0.000938979958314641,0.00064729300016394,0.00040809578463258,9.38979958314641e-05,6.4729300016394e-05,4.0809578463258e-05,9.38979958314641e-06,6.4729300016394e-06,4.0809578463258e-06
222,0.56002672713269,0.95716478729527,1.14422230457131,70,1.14422230457131,0.95716478729527,0.56002672713269,0.0873956045083963,0.1044752181937,0.178562906295553,0.00114422230457131,0.00095716478729527,0.00056002672713269,0.000114422230457131,9.5716478729527e-05,5.6002672713269e-05,1.14422230457131e-05,9.5716478729527e-06,5.6002672713269e-06
223,370.261542643558,412.023767018888,425.171546434499,0.38,115.407911518402,111.83909846827,100.503224428867,0.000866491722138607,0.000894141685417568,0.000994992952398033,0.115407911518402,0.11183909846827,0.100503224428867,0.0115407911518402,0.011183909846827,0.0100503224428867,0.00115407911518402,0.0011183909846827,0.00100503224428867
224,1056.42155456866,1275.88799221965,1312.19348794338,0.3045,336.992466575388,327.668629300935,271.306105912378,0.000296742538538704,0.000305186371406214,0.000368587355097332,0.336992466575388,0.327668629300935,0.271306105912378,0.0336992466575388,0.0327668629300935,0.0271306105912378,0.00336992466575388,0.00327668629300935,0.00271306105912378
225,17.4331122137575,29.5940202978475,52.5713012393176,0.38,14.2698732610723,8.03295541446572,4.73201720276841,0.00700777071880494,0.0124487184156307,0.0211326366145703,0.0142698732610723,0.00803295541446572,0.00473201720276841,0.00142698732610723,0.000803295541446572,0.000473201720276841,0.000142698732610723,8.03295541446572e-05,4.73201720276841e-05
226,6.60175670394774,11.0706960148567,12.8849212155739,70,12.8849212155739,11.0706960148567,6.60175670394774,0.00776100981348111,0.00903285573606226,0.0151474833872932,0.0128849212155739,0.0110706960148567,0.00660175670394774,0.00128849212155739,0.00110706960148567,0.000660175670394774,0.000128849212155739,0.000110706960148567,6.60175670394774e-05
227,0.0127461959743223,0.0234864545568013,0.064053078415847,70,0.064053078415847,0.0234864545568013,0.0127461959743223,1.56120521406914,4.25777333731462,7.84547799213615,6.4053078415847e-05,2.34864545568013e-05,1.27461959743223e-05,6.4053078415847e-06,2.34864545568013e-06,1.27461959743223e-06,6.4053078415847e-07,2.34864545568013e-07,1.27461959743223e-07
228,18.716811947018,24.1702259302181,57.2501221189778,0.284,14.4487904445749,6.10008357253766,4.72375051097633,0.00692099455546794,0.0163932180290441,0.0211696193030591,0.0144487904445749,0.00610008357253766,0.00472375051097633,0.00144487904445749,0.000610008357253766,0.000472375051097633,0.000144487904445749,6.10008357253766e-05,4.72375051097633e-05
229,3.2599953990697,6.55662330331843,9.31193666694334,0.284,2.35014732814372,1.65476111888084,0.822757902132443,0.0425505238767246,0.0604316833765304,0.121542436409079,0.00235014732814372,0.00165476111888084,0.000822757902132443,0.000235014732814372,0.000165476111888084,8.22757902132443e-05,2.35014732814372e-05,1.65476111888084e-05,8.22757902132443e-06
230,2.51835110342781,5.60531172345213,8.26060697080293,0.284,2.08481265451416,1.41466902551517,0.635581654894504,0.0479659406246763,0.0706879122935373,0.157336196269854,0.00208481265451416,0.00141466902551517,0.000635581654894504,0.000208481265451416,0.000141466902551517,6.35581654894504e-05,2.08481265451416e-05,1.41466902551517e-05,6.35581654894504e-06
231,5.92650971294247,9.21859140574006,11.9375040180707,0.284,3.01278822829267,2.32658884358159,1.49573300004643,0.0331918450360746,0.0429813803482606,0.0668568521232704,0.00301278822829267,0.00232658884358159,0.00149573300004643,0.000301278822829267,0.000232658884358159,0.000149573300004643,3.01278822829267e-05,2.32658884358159e-05,1.49573300004643e-05
232,21.6697507374057,23.1050011994235,30.956435145826,0.284,7.81278760250615,5.83124206893975,5.46901344140814,0.0127995288093999,0.0171490051035014,0.0182848334660981,0.00781278760250615,0.00583124206893975,0.00546901344140814,0.000781278760250615,0.000583124206893975,0.000546901344140814,7.81278760250615e-05,5.83124206893975e-05,5.46901344140814e-05
233,17.4586111379593,25.2191522773095,72.9844672636777,0.284,18.4198257430834,6.36481168874011,4.40620568915913,0.00542893300918169,0.0157113839168107,0.0226952636927587,0.0184198257430834,0.00636481168874011,0.00440620568915913,0.00184198257430834,0.000636481168874011,0.000440620568915913,0.000184198257430834,6.36481168874011e-05,4.40620568915913e-05
234,3.81499125130832,9.56588413681652,16.365582529085,70,16.365582529085,9.56588413681652,3.81499125130832,0.00611038438884039,0.0104538167690247,0.0262123799014495,0.016365582529085,0.00956588413681652,0.00381499125130832,0.0016365582529085,0.000956588413681652,0.000381499125130832,0.00016365582529085,9.56588413681652e-05,3.81499125130832e-05
235,0.0512611515292219,0.102721756769856,0.224697961469817,0.38,0.0609916695346614,0.0278826358812717,0.0139142482360993,1.63956816993131,3.58646149617327,7.18687767410667,6.09916695346614e-05,2.78826358812717e-05,1.39142482360993e-05,6.09916695346614e-06,2.78826358812717e-06,1.39142482360993e-06,6.09916695346614e-07,2.78826358812717e-07,1.39142482360993e-07
236,0.0254281874163405,0.0405310476015958,0.113353858004228,0.38,0.0307685971098652,0.011001685306977,0.00690218813565518,3.25006693164888,9.08951648858587,14.4881591220938,3.07685971098652e-05,1.1001685306977e-05,6.90218813565518e-06,3.07685971098652e-06,1.1001685306977e-06,6.90218813565518e-07,3.07685971098652e-07,1.1001685306977e-07,6.90218813565518e-08
237,0.112058794962417,0.202857271910171,0.301198011428351,0.38,0.0817567255945168,0.0550632663069801,0.0304170671869588,1.2231409620777,1.81609277303848,3.28762794208097,8.17567255945168e-05,5.50632663069801e-05,3.04170671869588e-05,8.17567255945168e-06,5.50632663069801e-06,3.04170671869588e-06,8.17567255945168e-07,5.50632663069801e-07,3.04170671869588e-07
238,0.0773048257887169,0.295317113888272,1.64573043236362,0.38,0.446714540787414,0.0801604237990513,0.0209835031750982,0.223856603869962,1.24749839460284,4.76564847945282,0.000446714540787414,8.01604237990513e-05,2.09835031750982e-05,4.46714540787414e-05,8.01604237990513e-06,2.09835031750982e-06,4.46714540787414e-06,8.01604237990514e-07,2.09835031750982e-07
239,0.664198049240278,1.25495033838685,8.25264402475434,70,8.25264402475434,1.25495033838685,0.664198049240278,0.0121173286646126,0.07968442809342,0.150557503314534,0.00825264402475434,0.00125495033838685,0.000664198049240278,0.000825264402475434,0.000125495033838685,6.64198049240278e-05,8.25264402475434e-05,1.25495033838685e-05,6.64198049240278e-06
240,0.92853538106611,2.45922157615988,8.09508758188815,70,8.09508758188815,2.45922157615988,0.92853538106611,0.0123531708568217,0.0406632736835986,0.10769648851203,0.00809508758188815,0.00245922157615988,0.00092853538106611,0.000809508758188815,0.000245922157615988,9.2853538106611e-05,8.09508758188815e-05,2.45922157615988e-05,9.2853538106611e-06
241,0.614087606431702,1.07131169541513,4.27529006084832,70,4.27529006084832,1.07131169541513,0.614087606431702,0.023390225827194,0.0933435156434564,0.162843214799714,0.00427529006084832,0.00107131169541513,0.000614087606431702,0.000427529006084832,0.000107131169541513,6.14087606431702e-05,4.27529006084832e-05,1.07131169541513e-05,6.14087606431702e-06
242,5.62278227790881,16.7873353358265,41.0676182308328,0.0353,6.15415857336283,2.51565413655591,0.842598018887918,0.0162491750590945,0.0397510923886009,0.118680554378685,0.00615415857336283,0.00251565413655591,0.000842598018887918,0.000615415857336283,0.000251565413655591,8.42598018887918e-05,6.15415857336283e-05,2.51565413655591e-05,8.42598018887918e-06
243,1.67504810321375,2.75175950813634,8.81257949289753,0.0363,1.3298577659607,0.415252850189962,0.252772270617457,0.0751960116033606,0.240817130946251,0.395613014654361,0.0013298577659607,0.000415252850189962,0.000252772270617457,0.00013298577659607,4.15252850189962e-05,2.52772270617457e-05,1.3298577659607e-05,4.15252850189962e-06,2.52772270617457e-06
244,1.52575929683261,2.88265087240233,4.98745235218681,0.462,1.42155852311974,0.821633296415421,0.434882577212106,0.0703453275919592,0.121708796900363,0.229947128811341,0.00142155852311974,0.000821633296415421,0.000434882577212106,0.000142155852311974,8.21633296415421e-05,4.34882577212106e-05,1.42155852311974e-05,8.21633296415421e-06,4.34882577212106e-06
245,1.60232805523171,3.42629311366285,8.29435411705008,0.297,2.11688456053773,0.874458323075457,0.408946070202608,0.0472392315878567,0.114356507750194,0.244531020802954,0.00211688456053773,0.000874458323075457,0.000408946070202608,0.000211688456053773,8.74458323075457e-05,4.08946070202608e-05,2.11688456053773e-05,8.74458323075457e-06,4.08946070202608e-06
246,2.69118677812345,5.02856557832941,11.4024806339987,0.462,3.25001471399752,1.43327690214553,0.767060862259894,0.0307690914657429,0.0697701887543895,0.130367751661039,0.00325001471399752,0.00143327690214553,0.000767060862259894,0.000325001471399752,0.000143327690214553,7.67060862259894e-05,3.25001471399752e-05,1.43327690214553e-05,7.67060862259894e-06
247,2.68645945590584,4.94165192875588,7.94940285909887,0.297,2.02884612116197,1.26120810902335,0.685638021292999,0.0492891003201009,0.0792890556955246,0.145849554567316,0.00202884612116197,0.00126120810902336,0.000685638021292999,0.000202884612116197,0.000126120810902336,6.85638021292999e-05,2.02884612116197e-05,1.26120810902335e-05,6.85638021292999e-06
248,0.6394775918564,1.52388744060857,3.4018910534802,0.297,0.868230430738454,0.388926461240714,0.163207432659278,0.115176796918932,0.257118015783729,0.612717192903622,0.000868230430738454,0.000388926461240714,0.000163207432659278,8.68230430738454e-05,3.88926461240714e-05,1.63207432659278e-05,8.68230430738454e-06,3.88926461240714e-06,1.63207432659278e-06
249,1.50701696892135,3.30577256825193,6.48356939789626,0.297,1.65473619306512,0.843699076700442,0.384620780468024,0.0604325936781298,0.118525671962428,0.259996352454788,0.00165473619306512,0.000843699076700442,0.000384620780468024,0.000165473619306512,8.43699076700442e-05,3.84620780468024e-05,1.65473619306512e-05,8.43699076700442e-06,3.84620780468024e-06
250,0.0635824856849924,0.124769239513871,0.284167151609896,0.462,0.0809953073906734,0.0355626005682728,0.0181227244019703,1.23463942815427,2.81194283888269,5.5179341572467,8.09953073906734e-05,3.55626005682728e-05,1.81227244019703e-05,8.09953073906734e-06,3.55626005682728e-06,1.81227244019703e-06,8.09953073906734e-07,3.55626005682728e-07,1.81227244019703e-07
251,0.154349141744847,0.257104646221575,0.496485589335564,0.297,0.126713022347751,0.0656182323961996,0.0393929787034608,0.789184869456904,1.52396668347,2.53852344481923,0.000126713022347751,6.56182323961996e-05,3.93929787034608e-05,1.26713022347751e-05,6.56182323961996e-06,3.93929787034608e-06,1.26713022347751e-06,6.56182323961996e-07,3.93929787034608e-07
252,5.21477721955579,7.0944747621096,11.4428742770848,0.38,3.10603621799383,1.92571333260942,1.41549111879571,0.0321953747418275,0.051928809084214,0.0706468579506731,0.00310603621799383,0.00192571333260942,0.00141549111879571,0.000310603621799383,0.000192571333260942,0.000141549111879571,3.10603621799383e-05,1.92571333260942e-05,1.41549111879571e-05
253,2.63286781942087,3.62405959472254,5.27063231268689,0.38,1.43065233948412,0.983709169986962,0.714661596928341,0.0698981836747696,0.101656061619641,0.139926365751016,0.00143065233948412,0.000983709169986962,0.000714661596928341,0.000143065233948412,9.83709169986962e-05,7.14661596928341e-05,1.43065233948412e-05,9.83709169986962e-06,7.14661596928341e-06
254,6.38783678423928,9.98817591008697,14.4271792567474,0.38,3.91609137790535,2.71117512761201,1.73390460526279,0.0255356656293062,0.0368843749640325,0.0576732997285304,0.00391609137790535,0.00271117512761201,0.00173390460526279,0.000391609137790535,0.000271117512761201,0.000173390460526279,3.91609137790535e-05,2.71117512761201e-05,1.73390460526279e-05
255,16.4817301355998,27.7816502959285,62.517727610574,0.0353,9.36854938115007,4.16319934576808,2.46985788773359,0.0106740110908957,0.0240199884018647,0.0404881594591513,0.00936854938115007,0.00416319934576808,0.00246985788773359,0.000936854938115007,0.000416319934576808,0.000246985788773359,9.36854938115007e-05,4.16319934576808e-05,2.46985788773359e-05
