Dataset,RSD.log10sd,RSD.log10mad,RSD.log10iqr,RSD.log10ci90,RSD.log10ci95,Model,sigmaH,DAF,AHU,Residuals
1,1.32151568525603,0.664697537837498,0.906153764264229,5.09376342317893,5.79910653690669,0.791154831542796,0.0275721311940175,0.00226960872872536,0.0445893515863322,0.111336009444357
2,1.83143488455934,1.17517039036348,3.40889779258308,5.20856811816498,5.60021412032172,0.892448455885442,0.0261137070863473,0.00186284753023255,0.0258053256066378,0.0508748510273385
3,1.4198967204857,0.677848882248659,0.935922258117039,5.14886955949322,5.71131466756659,0.792684085674694,0.026650905296019,0.00305298105166827,0.0401995711430154,0.127113598269054
4,2.07776273920253,2.42296410135708,3.82580543398477,5.98239136768554,6.36829052092453,0.914163589672867,0.0255578030446567,0.00111117498178573,0.0202383618466566,0.0314357108414243
5,0.62069818093492,0.563258090352207,0.766010738631717,1.97424304958521,2.45883966125424,0.00559357266068116,0.0880149020658681,0.0155426858242098,0.221062208963821,0.670514421333423
6,1.19249168105547,0.801601162289235,1.08106617701475,4.03410787823589,4.89997971981647,0.794013082071317,0.0287432252666673,0.00284841519135983,0.0600159696958239,0.087453386224474
7,0.647556626980415,0.438136757150548,0.589344738145893,1.71776060073068,2.41991267181583,0.493356179626607,0.0702924891654251,0.0151160603007139,0.205506637148426,0.204099171802368
8,1.16598391337804,0.72634025747922,1.00761268180375,3.99193516950394,4.82592760981438,0.823096852050132,0.0320723660703307,0.00477919839945863,0.0628703980550801,0.0478708868351279
9,0.676444162370145,0.549589856900778,0.743817572105841,2.0821281376017,2.73683784346843,0,0.657969991197277,0.0132878002898185,0.183021351512973,0.10964130289865
10,1.96381148845829,1.76675994527007,3.56484995172029,5.7762035331858,6.13765986623593,0.905773431328584,0.0261436318652908,0.000286656276327494,0.0195478974896182,0.0437723240840374
11,0.676714387019929,0.548124691374286,0.748796733985489,2.08410636975352,2.71600016436343,0,0.661173191866323,0.0138754670909353,0.183910515269908,0.1047790157291
12,1.43477788173487,0.81385476853022,1.59927094617415,4.6837110781932,5.21234510690178,0.703012550047738,0.0228477704145588,0.000943447870482212,0.0340386424885523,0.211759538906335
13,1.21261336371819,1.01406037852851,1.45014797122831,3.82988859355179,4.76623956649609,0.000666125830282841,0.0688101088314453,0.00148174417186541,0.0570814178200341,0.865826995765161
14,1.60754434278615,0.848307714513792,1.15564463586953,5.51951998306386,5.97828825625085,0.810427970052654,0.0212083689439,0.000583320355594927,0.031973610888042,0.118113906887952
15,1.90209142207921,1.75483191896636,2.49028598402691,6.02983696135514,6.46363900506707,0.87901896404161,0.0172693039785326,0.00118860001332231,0.0224516145659958,0.0702829754587755
16,1.7668200141598,1.91544677814818,2.6115328037331,5.5763075257858,6.11348825149062,0.909364611227447,0.0202854040678571,0.00102581061672279,0.028094988042538,0.0479546803518807
17,0.565431788489988,0.466822016287252,0.633593111777151,1.70803171913326,2.22032423479124,0.186031310508136,0.102890081124639,0.00868262653108727,0.259471209505215,0.430845371316144
18,1.73311882807172,0.70767548683384,1.06960387252479,5.70576834605416,6.13327382853061,0.837891504969427,0.0196348619504777,0.000641525623129127,0.0288089960228524,0.107682427376819
19,1.67256163061064,0.727239594234495,1.06739270736259,5.68528287969726,6.14890634732379,0.849643029156367,0.0179295181091501,0.000685096718376066,0.0276440171557955,0.0907390209518715
20,2.03123961283856,1.07224658197024,3.21553025268079,5.88554665187759,6.32985760855461,0.862539639280631,0.0178565219143133,0.000447682701007998,0.0213394554473564,0.0835472052228177
21,1.39950284856522,1.04637611801797,1.94680468938998,4.37097313827635,4.75729485766328,0.53605140608535,0.0261421081162012,0.00278421343429779,0.0375305062111755,0.386066210243704
22,1.71737909720967,1.97479091717553,2.77195933446409,5.19965993146716,6.24992343209736,0.113240045035949,0.0374583755131243,0.00353085311397668,0.0236145143846429,0.818507743548557
23,2.3647570531126,1.82129865146619,4.62126022351978,6.32290621842631,6.68336881791474,0.914464747429263,0.0186673646558722,0.000406916880037044,0.0137300756255682,0.0318877043821923
24,1.91968364142263,1.60694081014307,3.44088855717515,5.29212329023505,5.99218526944957,0.589053400502437,0.023139446641799,0.000387269009706976,0.0305121123247952,0.35103273707858
25,2.29690057555521,3.22695919685519,4.81248510258279,6.53525816834772,6.85319959330735,0.92065105613428,0.016526097721928,0.000559391620752417,0.0172334808156051,0.0366930711157856
26,2.27967803877607,3.00800941420894,4.75415792747356,6.47213803070533,6.77692484748613,0.897382412803645,0.0184682703466622,0.000449577597202693,0.0147126709138232,0.0485058231242149
27,1.6388328681699,0.672167558671067,0.997843461762656,5.24250686020596,5.7362015702669,0.770501604869698,0.0185998037932455,0.000407258261324021,0.0270999290583189,0.164629054034328
28,1.565790392573,0.560411676479446,0.784951297618225,5.21230195000383,5.74976431855506,0.820997928349363,0.0210562605194999,0.00216809842640133,0.0336250105739912,0.122908221470598
29,1.54090815692911,0.584006089183626,0.826105185188037,5.23391046290146,5.74567362766918,0.799864456405313,0.0212116333292081,0.000271499302280761,0.0373216784791001,0.139433900409478
30,2.1693391817451,2.22508055705906,4.1028815389042,5.9323221773007,6.32380335880364,0.884881926573164,0.0312130271353291,0.0011169216856501,0.0148103248660437,0.0468519329128118
31,0.725362466178091,0.766717128382748,1.04430086778847,2.30990518967699,2.6985309540184,0.342623077878121,0.241564783851435,0.00504401302497542,0.154219448130235,0.237730903287177
32,1.75779450828385,2.16286091528189,3.19565528288749,4.9609124149876,5.59772924502202,0.426482283297612,0.0493456417782696,0.000716248030009459,0.0264966213615029,0.487261360090632
33,2.00087491113959,2.17215780443465,3.50378549819126,6.00058125198866,6.36257976019092,0.896349800935225,0.0226636981498081,0.000636342694986179,0.0217843402333517,0.0514633133767852
34,1.59357705517517,1.05616108441751,2.40808761179421,4.74085540027261,5.24432174509443,0.817130175426267,0.025195774730556,0.000223979241246033,0.0293481984708722,0.102380826344611
35,1.71376018928775,1.09481134688385,1.49866758212022,5.67928220278773,6.19646974061647,0.840690574820068,0.0212093539818641,0.00251393577241426,0.0267281899319933,0.0934927292319387
36,1.52829005153798,0.87974395507257,1.18699291043683,5.35642137086404,5.84298690349283,0.717428188690576,0.0227476871338555,0.00141988778339879,0.034944410806788,0.208140073829288
37,1.72636424115868,1.04970115301694,2.71458368380332,5.09723412723426,5.68326682082093,0.592819615660492,0.0290886564835131,0.00350993476169597,0.0276405761089209,0.330395475779908
38,1.62824029752552,1.05697615430135,1.42983503475966,5.50253104546018,6.01249923606774,0.840451174151922,0.0198924036745808,0.0019879614776893,0.0285453223665529,0.0953427564354102
39,1.7438029129671,1.56618741680072,3.04059757842475,5.21175998455983,5.65261236949496,0.837898867979128,0.025096024100239,0.00223551127440164,0.0261708242525158,0.0979793368349029
40,1.58223360536602,0.878635864732879,1.2257952577203,5.39084826982408,5.95350615129481,0.804668240356651,0.0227445038027737,0.00205860057330896,0.0323731460286281,0.120506963259005
41,1.76178915205579,1.11791499747652,2.83884453063322,5.12866645722891,5.63939506178598,0.666248282436166,0.0286488711662129,0.000722481689570736,0.0291951168491714,0.264144190536589
42,1.54382808598515,0.878550327214779,2.53333893642293,4.44651831632934,4.85120155384386,0.858731552627991,0.0248359696810897,0.000758011199579902,0.0384792195734419,0.0575365455292111
43,2.3035674703738,3.31847298705002,4.74971894719221,6.47615120692707,6.84586641355459,0.860345204221019,0.0195053412748008,0.000375293800584001,0.0155840786164177,0.0964902267524443
44,2.12517450387433,2.78052125140976,3.89654103181798,6.10239442659737,6.52913252649918,0.902937009753997,0.0220524035102531,0.00119819524035941,0.0172413593997832,0.0397830586749103
45,2.09586328646552,3.00403092457016,3.54282069051102,6.20497481992969,6.63756808207052,0.900668450928194,0.0191667449015003,0.00100307499639326,0.018459341386549,0.0716409743153282
46,1.86195637888964,1.67184686022739,2.2663741593293,5.96368810080509,6.40532524020436,0.880110755118617,0.0181761204923033,0.000580139368118934,0.021490873207229,0.0694958125888065
47,1.99895228311507,2.61412497814524,3.694090187472,5.51695532053602,6.0550910227151,0.588917701298091,0.022469134945208,0.00105074730849285,0.0231677638012385,0.347218706555668
48,2.12116976253163,1.31097015959903,4.05647873915387,5.70208932810233,6.04150328184297,0.884319696690855,0.0214736627121238,0.00129181102693423,0.0180690002746042,0.0658655748725118
49,1.01534979917551,0.675850878894251,0.920445462204287,2.89255022393729,4.55835439104788,0.537555275754283,0.298408055031205,0.00495782816457905,0.0784189433152493,0.0881830997560703
50,1.54924436737946,0.793994268627992,1.09767131307587,5.1699524760163,5.63927706561526,0.795660007562548,0.0205103756346741,0.0020607249639284,0.034532577075268,0.12459498915086
51,2.91875562414157,1.60718916805552,6.0443487948053,7.34860641177393,7.70181012024633,0.952519761823352,0.0211204747831596,0.000349406594370567,0.00937861396946565,0.0133350883565622
52,1.55713385768206,0.570521865626841,0.782523041806264,5.25947767480114,5.84484504925203,0.782940198632186,0.0186067047055763,0.00299163058710519,0.0362156886184028,0.136232520836319
53,1.87065904116623,1.12712731402949,2.19300855156707,5.74712912871079,6.19232016291483,0.870972945988211,0.0160489919465773,0.00154359149044088,0.0222747788434099,0.0713057905172027
54,2.09750883181713,2.67611196584357,3.78954185280543,6.00885023668339,6.39898948436501,0.894784875705951,0.0219151738290731,0.000933339734594282,0.0180941922881177,0.0463495471365644
55,2.07577289796675,2.86316204763902,3.6962309415237,6.01924500926897,6.38391446203522,0.900391985272161,0.0255359404628301,0.000837964042148446,0.0205125209976688,0.0358726350785898
56,1.5525589472653,0.803581473603106,1.08070052522339,5.30210713670673,5.90500075961297,0.862405430499989,0.0272497835429038,0.00120970427295752,0.0379779787161476,0.0814799758369629
57,1.82616544572061,1.16371332980027,1.69714708715431,5.72391179102109,6.1597688116301,0.901100252763995,0.0218973292586089,0.000484408878558975,0.0252476707751401,0.0432017994562318
58,1.89636126281025,0.709013266235975,1.2352782157708,5.75339123383286,6.14670122755127,0.892591631789865,0.0163953542485904,0.00129487780925702,0.0234455049052619,0.047922953950724
59,1.91011777475688,1.73163276729961,2.96888047955954,5.93496552723514,6.30119813081244,0.902880816428877,0.0203243994150297,0.000478103620971488,0.0229224293774334,0.0473253244604662
60,1.3740697963135,1.6436523959151,2.17787561444023,4.36952442941411,4.86874265522831,0.504078202826761,0.0547482911436898,0.00161485388866111,0.0523092162652945,0.367368232088338
61,1.89258008550234,2.17335162865547,3.56557823644466,5.29664268796263,5.68142711807951,0.866649187298361,0.0233268923920327,0.00148399725487747,0.0237118212838612,0.0697180399876624
62,1.88834432728316,1.78269008580996,3.48990991441023,5.37894785355837,5.79387814478588,0.856799984683836,0.0219923545436078,0.00117182514982903,0.0248556962822173,0.0789522671650841
63,1.88562153623204,0.801178802893022,2.79069028164312,5.55081235404487,6.1144656855182,0.896925098945998,0.0160794144930743,0.00173924812377034,0.0231832675734364,0.0494374632149898
64,1.82584748041747,2.12108946217292,3.38976338074446,5.11677073692619,5.61437922260964,0.588707394312239,0.0372734086746058,0.00116735000395588,0.0177044992906734,0.348935568665609
65,1.4627918749822,0.558136304159186,0.876125929032785,4.73080391694478,5.3078545057898,0.767935643586909,0.0211065478577305,0.00219193492216515,0.0357389038182474,0.156757765620747
66,1.98672891160687,1.93692549620125,3.48953901522747,5.95296840472999,6.33445312722937,0.904764113514519,0.0172235616285405,0.000507216353730055,0.020260184887741,0.0445772782224597
67,2.91019178840436,1.64201640943178,6.01555485496621,7.35519642812766,7.64865105559206,0.929486610358153,0.0199639102444884,0.000210357882520199,0.00965888158866808,0.0257732792674674
68,2.92607652501933,1.4865379153761,6.04932669449587,7.30132391319224,7.66163038928037,0.947109842132035,0.021255821892454,0.000408454293379511,0.00954417162981685,0.0179063329526525
69,2.20963321330869,1.82360047241343,2.73994825414507,7.0370612564623,8.14227605460675,0.00304377134514284,0.0276161634029431,0.00342812636609539,0.0225696028523867,0.940784873771194
70,1.68321443214391,1.38979780585447,2.85419109962981,4.90850536472891,5.51973639853439,0.590141056623488,0.0368043520462853,0.00237323286545564,0.0291925493346652,0.337963191801695
71,1.61576979445986,1.06786957508114,2.30878882200122,4.96284892795618,5.53911524571281,0.803070140188131,0.0207369702682398,0.00367628487064715,0.0267085883663923,0.116559325027225
72,2.06784081341236,3.06852803512053,3.62336662422101,6.25598862640388,6.64810216813695,0.903002785307662,0.0169203363909759,0.000783621104101689,0.019166711581806,0.0378594127344904
73,2.15627595013408,3.08957461668187,4.03672301408785,6.24061835367716,6.62437628004657,0.892650331479818,0.0221671138284042,0.000383966457123941,0.0169765870040054,0.0591408424074595
74,1.54898441222547,0.823856974884216,1.10665066349326,5.55185279142788,6.00468160479899,0.838502435975743,0.0209540635807486,0.00145182049232469,0.032346340999326,0.0887823862130778
75,1.4255896034383,1.05485478775406,1.60471623486438,4.66269163372073,5.36223976040691,0.7945795561467,0.0787897562750356,0.00204087661155155,0.0433324274404755,0.0860856690684165
76,2.25894174324483,2.97954215541836,4.70505826931996,6.390742832224,6.7376864006267,0.932724624757704,0.0173539265899108,0.00123803229551613,0.0164287153965809,0.021958537780341
77,1.9153132931368,1.3845021579174,1.72531819022022,5.93533072826525,6.46984940745892,0.913516505099083,0.015722554588482,0.00207659361710582,0.0226341941968879,0.0371904079401006
78,1.61527035634151,0.838872707573177,1.12848270064664,5.64388430188279,6.04929686066724,0.868730926903021,0.0183884199074889,0.0023730818152075,0.0312741946179413,0.0591028379248079
79,1.71131756196377,1.48614166335296,2.76913088759189,5.34902014850269,5.88078264632928,0.817410086741904,0.0219079643762087,0.00136257954586285,0.0266428626939452,0.101238278640714
80,1.58583687623812,0.716129735031946,1.26486092602834,4.97887999006629,5.57953075170168,0.818440082814293,0.0228770940512688,0.00217735426755798,0.0342525677283274,0.0975564892516537
81,1.5671827058019,0.778218828836251,1.94011369991997,4.79904895912756,5.33498612369893,0.825473841590062,0.0263071362104225,0.00190787139903313,0.0293202677101101,0.107638121384337
82,1.72426984214443,0.880152504569902,1.23354284818962,5.65192597999441,6.08707452041399,0.869566465780694,0.0191088490684225,0.00146862177587146,0.0287639363398705,0.0724739961790747
83,1.61332190103871,0.639259716950359,0.908656256459018,5.24156122262296,5.72154374490284,0.774850948941845,0.023498755963833,0.00194015623091901,0.0287070038504575,0.158703856200463
84,1.77744985349391,1.27149474544271,1.92830811220743,5.87107394172396,6.82496596684251,0.00668016662667102,0.0575189824824599,6.46674547514621e-05,0.0218360957618995,0.909715470302763
85,1.03274193504678,0.848540480811606,1.29321498767083,3.32321016011663,3.91664617212829,0.446972487324413,0.135774420422619,0.00569991302499078,0.0692031260258049,0.322976148816578
86,2.81920735396,4.12999180098549,5.6458535852253,7.22097594069128,7.59858101223832,0.936216358674238,0.0170535657983069,0.000188100129337535,0.0103212297308627,0.0327512903475567
87,2.08107936780516,2.7964769692609,3.78050076145014,5.76230717936171,7.01805606068068,0.459527101133716,0.0316348193058297,0.000789387201090998,0.0188291376228909,0.4733409977146
88,1.6312354902439,0.704075372021717,1.60000354903438,4.99653286598927,5.59626237468135,0.776104551787237,0.0213840823701527,0.000564144328410308,0.0305555002934763,0.155172618012158
89,1.77017064317846,0.778716543086732,1.07489986507625,5.83522191220763,6.29780855932276,0.888631835497037,0.0171663898106538,0.000178895547115535,0.0278799769430935,0.0625992983678556
90,2.01468571070212,1.20845526721791,3.76932740630361,5.61198083192755,5.99498524661578,0.849675540224259,0.0230421265689439,0.00208988874860171,0.017681052030585,0.0938843695145096
91,1.61495609048065,1.00820439724695,1.63658246483384,5.37860894558621,5.90466031184926,0.739632540412118,0.019743156442081,0.000272128024161987,0.0325098857857369,0.191315506370729
92,2.15660832002021,1.43776810213268,4.13416349791317,5.82696978220697,6.21408437083225,0.896134286154171,0.0207174067119556,0.00110952929494201,0.0171471767565467,0.0535175168618847
93,1.95989636171166,1.53081882590137,2.06742371515003,6.090850743289,6.46930455023264,0.90234383374205,0.0176439601095679,0.00166151879355007,0.0210367306519126,0.0423112006500711
94,1.77664762219608,1.49778898244109,3.08743935216536,5.13715114940598,5.64846615889167,0.688442581143299,0.025159403607223,0.00317382681667501,0.0218420186202152,0.2372122938429
95,1.96385048248488,2.07158121854119,3.26155312721082,5.58268946422394,6.71716035247304,0.361717909909437,0.0273883037209087,5.85644205061413e-06,0.0268344927604249,0.572007256428214
96,1.60892107823215,0.757170808338503,1.24698069898896,5.11823904541406,5.69048182472045,0.658262927580427,0.0259216669503993,0.00168951727680546,0.0356005888246558,0.273248985152788
97,1.46571781574801,0.933877360265502,1.9769385934963,4.57147383059257,5.11738089421196,0.675341819615754,0.0276781832875318,0.00120341740008081,0.0449988259508189,0.229511879853078
98,2.02089872180054,2.95026530013741,3.90908170377679,5.5388375526738,6.01255844112209,0.695709035616084,0.0284092954440705,0.000155015703882406,0.0158783514391295,0.257929673132037
99,1.63055645698462,1.08317016791266,1.49813608920911,5.57836820107151,6.06069487762255,0.839397210458595,0.0161727091400269,0.001263812963889,0.0302667589717843,0.10648703040209
100,1.56054354837023,1.83618660942417,2.48100057168806,4.9573109953858,5.4553984553463,0.36821466696681,0.0344877211561236,0.00445001675254719,0.0386900032672817,0.545488344517324
101,1.7490380187519,1.0129834652025,1.57759217342073,5.55211527192263,5.96792207559245,0.819706200858238,0.0215327884702703,0.00187245216240563,0.0268445411374724,0.110245977582607
102,1.78896678535258,0.876963240884419,1.2020548321798,5.7477285994409,6.14959850946803,0.841788278881252,0.0204536798425638,0.00222817603333424,0.0240746624701224,0.0884162985729101
103,2.08520544168022,1.19622098581803,3.88632311093935,5.93263693074449,6.25518643440061,0.882199849807522,0.0443843277582646,0.0012657900620126,0.0196937073348619,0.0379780162558576
104,2.14724752920125,1.02025396711993,3.06312206342334,6.12666979856608,6.41967486194562,0.915641495596846,0.0376328535168585,0.000534274621048855,0.0176380747040661,0.016966130096873
105,1.94289392553167,1.65037355812554,3.15293322144989,5.90615734410525,6.24043860137076,0.903061417057285,0.0166963764467532,0.00137030168617978,0.0207646984236669,0.0521974257240979
106,1.86297530328703,1.60205048489741,3.4172805309893,5.33673288545583,5.84204708838895,0.733342515029561,0.0278177718145865,0.0013257249347425,0.0234456483207852,0.190647176815846
107,1.82690006243923,1.22408667878087,1.6787603024853,5.83790244633805,6.34364481412057,0.786912153581447,0.0172847422077208,0.00235386272531885,0.0292448514477628,0.151915231810127
108,1.92159522051159,1.38167134328475,3.53185515102812,5.64567757311887,6.02708195694767,0.867990973167899,0.0234791150757772,0.00153816230433774,0.0214959203367304,0.0726997331736672
109,1.74568868335816,0.922959909669248,1.30858963084475,5.5730043815835,5.95764373594944,0.8697731063116,0.0229137789057037,0.00126068756310326,0.0265130361731186,0.0712046734998591
110,1.79296744451815,0.950112324348832,1.4208727593635,5.595994748241,5.99664818057489,0.870781478315306,0.0177251198119016,0.00201302898209318,0.0245122939909903,0.0696571989999684
111,2.34402037373218,3.30993267085547,4.85234518635253,6.46137572344261,6.86758694934482,0.90891159138447,0.0156597044885223,0.000973953256524727,0.0163106314076237,0.0511737823395847
112,2.33442894011717,3.19258786112377,4.80986047322134,6.45296532689757,6.82955218881557,0.906354800412977,0.0141601994968671,0.00109631425319207,0.0186787278991055,0.0521592709864065
113,2.30151881591141,1.93160729461644,3.14963836321796,7.02596190210613,8.96750866441689,0.0889969153887872,0.0347808591701965,0.00063538028193271,0.0183212113427657,0.852569785314738
114,1.83957483371248,1.49577222522633,3.21228702757867,5.60369265951484,5.98995017494626,0.874035122672845,0.0453827943343164,0.000648672077848774,0.0259254844034946,0.0447578009597971
115,1.89080815124547,1.6536093052094,2.33337847019213,6.17481059330639,7.10709181071118,0,0.0462719828664957,0.0011112249883622,0.0201696353594011,0.929308210299218
116,2.00631915972503,1.69709509221258,2.4934146162615,6.38551994243349,7.6608559447308,0,0.0419356353730548,5.64462379923089e-05,0.029693537178478,0.92471163359605
117,1.82054695657159,2.49266627305514,3.32685616915956,5.11675198856174,5.7544305961818,0.446114769429595,0.0340752778750822,0.000673954736094713,0.0232031699192667,0.483677105496126
118,2.00093457220251,2.26167548688076,3.14509362742709,6.07709913187735,6.53217520735637,0.904941197604816,0.0173320472914344,0.00109300167634588,0.0196252568842206,0.0432284022657481
119,2.23202033776374,2.94078357102684,4.3955448046329,5.88552887630028,6.25073633517684,0.898461925337593,0.0277937709512407,0.00113687950836899,0.0159751650945408,0.0514349614571728
120,1.99861023156178,0.965180992485601,3.58405627978144,5.59163144185722,5.97601615498388,0.883823961873864,0.0176867521363119,0.000500904186926867,0.0214740864050279,0.0667988622927311
121,1.80668225974035,0.712335095859095,1.13386841106008,5.52714121997285,5.985136966733,0.864319457926827,0.0209410320681533,0.00217645726542965,0.0208679124905631,0.0798968651911467
122,2.18344806335073,3.03492747985824,4.24002705741985,6.33597535263323,6.66066166853191,0.863712016625855,0.018920083996248,0.000234295024465929,0.0159800757970959,0.0906316286751917
123,2.13359414846463,3.00756142202302,4.08740788331028,6.24671775055312,6.68034867098634,0.86285115789761,0.0134574578423499,0.000501632146666658,0.018404124063365,0.0901860393680307
124,2.00164334138736,2.01618174659568,3.6371854981659,5.57946518124181,6.28082329523064,0.626413701170294,0.0204059181361369,0.000559404131384542,0.0246970600048065,0.318780970444982
125,2.77418712626144,3.9533477764624,5.53439037998301,7.12662778037399,7.47961256739135,0.866833722139659,0.0178659789995393,0.000747611244556848,0.0101234426144744,0.0910312389658102
126,2.64439320142847,3.18828661475084,5.47051055640717,7.03229988372657,7.39312937205751,0.885280105857863,0.0171618269827524,4.56637109266542e-05,0.0153080893046165,0.0695285459364984
127,2.01716606261558,2.02150705476638,3.21183531930184,6.2421948357804,6.65404526477858,0.727892017647558,0.0181031687538965,0.000777440554672197,0.0275429549037362,0.213227667459713
128,1.65006468376074,1.12771327823148,2.43144913118217,5.14309560741782,5.59720458812245,0.587568997001679,0.029988318999646,0.00043830399529846,0.0249008421682903,0.34517443262518
129,1.60989630064007,0.847679234799297,1.60182599172668,5.23308629662696,5.87523014605434,0.684859812038214,0.0270869257384349,0.000657447555571546,0.0350200610431706,0.239404746011461
130,2.07432964323652,1.57718359603754,3.93306932008684,5.86974914564688,6.23039901744904,0.897512410666691,0.0225636692574902,0.000324780469758043,0.0218118477601356,0.0420707079415803
131,0.876120052381426,0.492572984320425,0.676067605353364,2.51502964934105,4.14802851470729,0.593932322889748,0.0468036671712645,0.00545796426795479,0.117325333515441,0.200767008494399
132,1.57111111980709,1.25419438683996,2.7090617406705,4.50984977451172,4.88330824020976,0.85459685673146,0.0269217811654908,0.000537553117997092,0.0297881331912028,0.068195010403443
133,1.53824608403205,0.584539894993504,0.836845129992759,5.18409727000299,5.80099203383509,0.774662335634381,0.0181286346721728,0.003689655653535,0.0406520841743348,0.139573093705028
134,1.81544821017098,1.32422950429575,3.12308256242992,5.12445644903918,5.72646255104363,0.628712951403057,0.0287371349082907,0.00220634399948128,0.0267774726164736,0.302300936393449
135,2.34256987795601,3.33257843426363,4.67780892738838,6.29947775359058,6.62910854023323,0.91915145478662,0.0246477348330942,0.00018690131072573,0.0145968871617833,0.0229803398761979
136,1.92477162870033,2.63565274025818,3.51343947106997,5.16044066589249,5.87662554385765,0.486788963344033,0.0452193816480259,4.79277222905309e-06,0.0262604933644579,0.424400068340224
137,1.73634340353178,0.842291771113014,1.27854981421457,5.45806916518428,5.88407560182276,0.842912721136457,0.0196494991195912,0.00208179763091501,0.0249646274787176,0.0947564108782631
138,1.89596903528609,0.968327800725638,1.60876801459035,5.77358506749271,6.14723453679144,0.87207291850727,0.0187070316364827,0.000984948633675705,0.0234168251583371,0.0684756096249477
139,1.85336242884237,2.46200436687884,3.68152293853011,5.21626852421007,5.51873049353607,0.831719734962293,0.034001102807942,0.00189370304020564,0.0279570756426981,0.0943629478360781
140,1.76276174936047,1.31935312799677,3.14453335618523,5.06592626063925,5.50376878809716,0.824388081334811,0.02432755269805,0.000595313600473102,0.0264938833262953,0.11224241823498
141,1.75185878537519,1.41341386516471,3.06394994794369,5.00870753251178,5.3986951084202,0.836708921099948,0.0257096358760679,0.000839367894865303,0.0226530280880619,0.103451789718428
142,2.07504850552033,2.79654619200353,3.77639878665598,6.35122340336993,6.71669063755549,0.893848788519322,0.0181942428223981,0.00081975358755464,0.0205641814443483,0.0540811922670279
143,1.88422757557735,2.73192335275205,3.68322886125456,5.04968095349234,5.44556945354517,0.88194281082298,0.0276796463772145,0.000988940531609889,0.0247765101296765,0.0499101660449949
144,2.0218970673526,2.4735607716837,3.34604070732122,5.72010821987475,7.08512102836717,0.318315198795644,0.0433341816267161,0.00519525583241457,0.0161992312170939,0.610618399808499
145,2.07172614617934,2.35929844906181,3.94007258079749,5.80002972539747,6.13114134525624,0.908354116028111,0.0322854676934514,0.00115548477917775,0.0172964943159302,0.0304523297854212
146,1.86097396305625,0.582057996240966,0.933519337427332,5.62642776180991,6.17618879532551,0.874716219785313,0.0179744967429889,0.00151404249217289,0.0238677253369712,0.0694139837872233
147,1.50416538373983,1.17657587834474,1.93052630503095,4.85265213894485,5.63671348730374,0.379630510307715,0.0387497886261311,0.00110127035313506,0.0301190307569778,0.544196820124507
148,1.62334718027903,1.16847483854482,2.41634757654789,4.98556984262089,5.50827275219617,0.818996841944294,0.0244469956487681,0.00144546806473178,0.0321865045598694,0.102249454225348
149,1.7163575578613,0.70823304742113,1.02278751296593,5.45375992328507,5.9557754317705,0.823148407405742,0.0182355761753908,0.00139297875852962,0.0270453354866427,0.113901327090405
150,1.836848705892,1.8565466208588,2.58716534018705,5.6915631129161,7.05470280298988,0.463799351679052,0.036965260499276,0.000529146763929069,0.0237674161572959,0.474443687350891
151,1.88960068761812,2.47504170192173,3.46320773280081,5.53020246085229,5.92361569304286,0.889906104245628,0.033841120124525,0.00144549308318376,0.0242915076883941,0.0508654224468619
152,1.64533163679783,1.5088233488719,2.63083347521605,4.88849801502537,5.57617702559244,0.351877253267717,0.0286951682080759,0.00479983744443743,0.0305467667147737,0.577796824418923
153,1.90075946899899,0.980679572904161,2.56265920657065,5.65031858855336,6.11734268450907,0.879455390600226,0.0183544357521517,0.00216215398124882,0.0201373937547798,0.0655968708186293
154,1.91576440540911,1.0825302898492,2.87050833749359,5.67622452975006,6.12734186392086,0.895872300362619,0.0225316492480066,0.0016580626148377,0.0199547429191075,0.0565787658680321
155,1.7872129481411,1.52198671087356,3.00939673344629,5.06775502224727,5.64420030831162,0.569797628177382,0.0271490788089135,0.00207098353286435,0.0242689549476111,0.371198240089717
156,1.975199238031,2.47874358455822,3.39599572487242,6.12705018222843,6.56267644379013,0.896158916769496,0.0189457787912015,0.000613649788920712,0.0199980649804895,0.0551735779065031
157,2.18899110021735,2.2991981036633,4.32798702041407,6.01612890032389,6.47912488866549,0.921858709833557,0.0208691990162126,0.00141182498392578,0.015798253276358,0.0313529317743752
158,1.9371696940458,2.22574225547976,2.92211459018246,6.09533753915232,6.56257293497376,0.861004161034168,0.0215634857234722,0.00227357499782177,0.0172573813896872,0.111907571305992
159,0.753712435226299,0.681031350005894,0.924270597884972,2.39886885841066,2.95579132919012,0.189320995797733,0.442478783922088,0.0060359357819963,0.154599331286884,0.167394612540747
160,1.77638879305399,2.02768632721623,2.91298553296333,5.59135298346441,6.15502714058396,0.880600634762282,0.0197064778224462,0.000995877785687667,0.026367762078487,0.0562519956789646
161,1.63050907569547,1.81534340653691,2.50588757802695,5.28136465370214,5.81052527295095,0.879115445527898,0.0270933864266819,0.00268339424548519,0.0318451188651638,0.0605917233560111
162,2.24447650084335,2.30575468467678,4.25914350394919,6.06864573834917,6.3776992818945,0.904504898908783,0.0298082559787291,0.000258611290678094,0.0154545755395401,0.0328838766801315
163,2.08394378292268,1.76646031480058,2.76023016429721,6.43140109966187,7.99611385962871,0.133442254931104,0.0357069811149421,0.00063576104948787,0.0213665064763707,0.804120401547029
164,1.72459869297029,1.10895604253806,1.55222825971456,5.73326001269301,6.22009424730159,0.882709576097337,0.0175547196515315,0.00115618193521619,0.0262823308549356,0.0756218559949084
165,3.02298320148757,1.49644675264738,6.27406403879897,7.4753731455823,7.81151222897501,0.955508608065477,0.0208218475396407,0.000309485700226208,0.00877304989331973,0.0128873596662441
166,2.88301640603372,2.11813156583765,6.01414584888158,7.41110765270203,7.72460945522352,0.943119562875206,0.0202294186819002,0.000229911411246069,0.0099551968583182,0.015813749338834
167,2.27654905143307,3.36503795267276,4.74407807110933,6.26809826353922,6.60359223909836,0.92841192858949,0.0212951541766671,0.000566577643828168,0.016788885704193,0.0280403371234015
168,1.75418166926314,1.79140282964225,3.04051621966463,5.21894963524985,5.69231766896146,0.849163481140263,0.0237737496525387,0.00147631685131774,0.0262710915267757,0.0857325674229419
169,2.00117253872469,0.817700796831951,3.14089915755501,5.73979947199862,6.17876743736655,0.869561678960793,0.0188264304927876,0.00103549860233834,0.0191669782053042,0.0833590521031154
170,1.58245522415654,0.770597786596907,1.12338753549307,5.32970805137278,5.89079211871963,0.803325577127321,0.0170382281538007,0.000207486578567881,0.0286795151729,0.137537054604704
171,1.8784889909755,1.50082385716654,3.42198580980438,5.25574466132673,5.71410218741791,0.633620389821506,0.0232387116304498,0.000739303719066164,0.0263185958031927,0.311355174491045
172,2.22996847430414,2.36430631533339,4.33728140897604,5.87777453403083,6.21838212466124,0.870040351003369,0.0212072803915758,0.00162986440970681,0.0172474462574973,0.0604921301983692
173,1.78254607339968,0.997131413933287,2.58988813669509,5.24984629169601,5.98240897909571,0.50132583430842,0.0273817783097563,0.00163440313197189,0.0267562573117995,0.432091522689076
174,1.75717093550244,1.30593638187276,1.86710500009706,5.69750453161963,6.14543012843077,0.855458217288115,0.0201324701649396,0.001358769665054,0.0284656319183187,0.0830220698003588
175,1.78143990800291,0.787096492055409,1.12938466498565,5.63563556150491,6.09393015613485,0.875017211699143,0.0175230641123904,0.00170216890915376,0.0268301195147866,0.0674237880005939
176,1.79396062998878,0.809189078098839,1.28860770993495,5.66389303125255,6.10756060055919,0.873452303400222,0.0164111052506003,0.00227676305135466,0.0262633887382711,0.0626236533403618
177,1.80486874687715,0.792816474059509,1.14366101095414,5.65257124699799,6.10527424949789,0.878669232623649,0.0181601666565222,0.00178163318678587,0.0245833677419323,0.0647562217520578
178,2.99829995526325,1.62791182293161,6.14644731942477,7.43898356292129,7.72819975359695,0.953421574912272,0.0196866950251341,0.000393757254369764,0.00877323771235388,0.0171536831184425
179,1.78442280973504,1.21674930971451,2.82695294447175,5.11243935157515,5.79230339137134,0.523972821906377,0.0254538952406989,0.000995836203433401,0.0196496181910478,0.420031882804388
180,2.08857696504986,2.66047804346046,3.72245664516427,5.53266016731028,7.1389157741604,0.447534278920465,0.03735401604275,0.00172030260605078,0.0170191581818268,0.478427218099443
181,1.58478857311571,0.804205959038134,1.32874848871414,5.17506364216983,5.73098322773236,0.718906775037743,0.0257852174918933,0.000812257023220647,0.0317374359943244,0.224080035537409
182,1.56940665250922,0.795402388414499,1.09350470130452,5.53646835280923,6.03635818661163,0.811764167094361,0.0220854747074197,0.0013207848782845,0.0350210233019641,0.123802438774004
183,1.59250598587491,0.836613747307329,1.14664802195436,5.43994878895519,5.96885468506603,0.825629672415454,0.0206057720156098,0.00238153844026869,0.0291275958658818,0.105162461421857
184,2.0572861451591,2.61499253977664,3.55259196015994,5.76847338283983,6.54738289137336,0.29893755035673,0.0371723289927271,0.00275516352924073,0.0221539112170312,0.6233965513895
185,1.98357548183374,2.32866099174018,3.10079909709269,6.19513585200584,6.55668803326789,0.872382182673831,0.0197961237695124,0.0016294190214739,0.0199727265739132,0.0765671201605744
186,1.63909373988288,0.810388868077056,1.09760273436825,5.55915456292851,6.01250184759519,0.862463738948511,0.0184957952240341,0.00141866455154675,0.0350376461897425,0.0603451620162981
187,1.72712826845575,1.56772490936001,2.82375374453699,5.42542746996507,5.8939767851445,0.821256406147136,0.023769488042681,0.00234112869298873,0.0279252794034741,0.110759511452047
188,1.60316020200659,0.822920881504895,1.1518660974078,5.36674201061713,5.91895886123802,0.756071392380646,0.018912551927707,0.000475108334844017,0.0333566520119967,0.172915823298254
189,1.59951533768072,1.12186090135602,2.43886155506828,4.82582145292477,5.36680356198674,0.77114598830996,0.0250300171320887,0.00255464572550031,0.032238489406253,0.133272867898332
190,1.67309512663796,1.15804801099385,2.67534189481196,4.96598917330161,5.47903350522644,0.821692892084609,0.0234951362697197,0.00200568342129915,0.030272297823895,0.104814064735406
191,2.95556777779955,1.64941688689985,6.11988383303776,7.42880622322172,7.77838671283312,0.94603511679905,0.0202726137752839,0.000217193793801071,0.00996346365035979,0.0201649134866149
192,1.60950793192781,1.13247074017515,2.35959560656774,4.82010313734106,5.33079000286957,0.772870251303012,0.0228262870785881,0.00292334913494522,0.0323905018004235,0.149636733425229
193,2.2371677828557,0.850397862747555,3.56847257777023,6.36341774531564,6.8052867907903,0.879571258011003,0.0159972491059599,0.000364999819413221,0.0157074784844545,0.0826820278300697
194,1.93305213530231,1.29943751109013,3.18316185675823,5.7805905174334,6.17396996278337,0.888084731534309,0.0160071188578994,0.00198604724625885,0.019585439246115,0.0656877294010979
195,1.71248947415854,0.84195553466659,1.46664212444097,5.39054715571692,6.02858507044989,0.797596046279808,0.0204133479268019,0.00274559584346121,0.0311605443563576,0.140668009225524
196,1.98699341048333,1.2776947497262,3.7596227653825,5.50949315775646,5.98035127327327,0.88527537552018,0.0215423865410023,0.000674770607625983,0.0231304374929614,0.0673026231060315
197,0.816804794896023,0.669017825348551,0.93057820634807,2.60550668862521,3.26264613654409,0.22466409413004,0.303183614359433,0.00234378586959144,0.13026388222868,0.328223667924157
198,0.823427697298659,0.653798495179822,0.879345137226349,2.6044209537808,3.41988755853375,0.250291627302176,0.30327383170406,0.00478367503372947,0.111495642439763,0.317514603559151
199,1.55659525627377,1.75910267177262,2.57073283319597,4.9030193935682,5.38785241349386,0.809786058374464,0.0265927624703881,0.00228531857939519,0.0361239450695125,0.0866887719490694
200,1.62035561992624,0.757519802106881,1.06468160921763,5.85625486558523,6.25477526131151,0.824599242171205,0.0927457597062439,0.00174574587171341,0.031325947849657,0.0440948861546066
201,1.5826040528167,1.74112280967924,2.53933908177492,5.03239098349848,5.52952391238417,0.826787390508521,0.027632974394493,0.0020768798683239,0.0349972648633245,0.069231736895813
202,1.65094465635662,0.784267292040504,1.1292173654139,5.9371427906741,6.38803887626651,0.817954614599917,0.0952768820976115,0.00200463768907996,0.0304360004575475,0.0376924958564787
203,1.85809316075277,1.14441765787438,1.62379212821158,5.90367545682638,6.24084259151216,0.893398280207462,0.0199962947853557,0.000633427159628706,0.0238800764792023,0.0601173110110895
204,1.84073947010732,1.1239911872704,1.55881871373985,5.86710996826959,6.25181283170659,0.878059255202092,0.0175303902369668,0.00111744104966972,0.0245129086125435,0.0664294935113432
205,1.67277164247874,0.667731171633755,1.01823811964408,5.37717056221197,5.93341308066577,0.788677503792695,0.0170956125834633,0.000402945184317491,0.0289314608249479,0.145978445621092
206,1.60762789601035,0.849182890992424,1.14487381265152,5.50952290409201,6.00463938716194,0.821077900997459,0.0210645399190713,0.0015229417148367,0.0315575048390819,0.103922058754761
207,1.82857382630166,2.07236349712726,3.19345484810887,5.21201256504747,6.18698885659796,0.290618592728987,0.0391298194848265,0.000327681365501019,0.0308601430944101,0.627431674584175
208,1.41665756363168,0.886047786143864,1.74275074468389,4.62877031657109,5.18231901741261,0.703560614039536,0.0253321955879995,0.000693781554990044,0.037181056380288,0.214915882016983
209,1.72940710110018,1.19586401348698,2.9826974158283,5.24336199654367,5.6113767284627,0.798568537434833,0.0315982880329673,0.000657287100158372,0.0286119905141619,0.124787771273742
210,1.76091868250361,0.876273474423744,1.20537043736457,5.53959765237356,5.94509009360091,0.884121097730424,0.0197665528981683,0.00108908581044381,0.0258096642605904,0.0507885111036773
211,1.5998610816864,0.718948385618113,0.971275702532838,5.34170663738732,5.90676171159737,0.839590206950926,0.0234947367657361,0.00141777608244796,0.0382558054330587,0.107749525617975
212,1.95956567212216,1.0322879471212,3.24951689086331,5.66855611640927,6.06996855258964,0.877202100605089,0.0194613071289745,0.000741317072327782,0.0260948110706139,0.0612953784292609
213,1.99087398298271,0.879818307470809,3.44922078210349,5.65512826719692,6.03525306742792,0.88383798202624,0.019287160636565,0.00134329788797206,0.0196184838347259,0.0689833744662157
214,1.48121250767959,0.676059502793697,1.0233303786807,4.92462581127966,5.49756129233395,0.755291425069675,0.0259115078491905,0.00241827159704862,0.0372073506522076,0.17614844744691
215,1.69760067830264,1.08543063202344,1.46226994207676,5.68399990540583,6.19176492847864,0.88864282206749,0.0196744847863668,0.00311833369562013,0.0330636423694685,0.0666857915568093
216,1.91293638755183,2.02321419749822,3.21254548630086,5.84875079492799,6.23759662524576,0.861222541667936,0.0250742473292634,0.000424819361868078,0.0241730794292334,0.0818643641649583
217,1.07353487279684,0.640657362057393,0.887803553785138,3.50063507316813,4.91657787953809,0.582008444059017,0.245395971196832,0.00235122674875974,0.0741179463122947,0.0787694589277441
218,1.78633506368608,1.60595592433137,2.13844711889991,5.87953680753212,6.38219846768367,0.882916180486936,0.0190471625610606,0.000725875260901606,0.0271653841647959,0.0687221149443162
219,1.56388370264444,1.0346228914896,1.85739354050173,4.76791896869324,5.16895414462501,0.812313105411573,0.0894433275594664,0.00103312565863013,0.0325420766677309,0.0618738743543178
220,2.07517431603497,1.96995065919095,2.67050613121124,6.20864610571198,6.53214052538646,0.902513721788328,0.0268835751991843,0.000393304579633369,0.0182311857726775,0.0424540629466023
221,1.30901596201527,0.695258852578304,0.982420017876143,4.68950344728585,5.16310122267215,0.692572175669597,0.155603292100748,0.00160245502453336,0.049928197026256,0.0760533563236341
222,1.97415751940417,1.57148664288172,3.55659415496257,5.61871436106159,6.08782168662511,0.891795127906353,0.0205358552237277,0.00212369379455815,0.0210188377975899,0.0494466698302544
223,1.86388937748097,2.22099070950506,3.28792452768933,5.46957572173552,6.03430009597028,0.663430430690391,0.0370747554476685,0.00247439688902314,0.0216658399564691,0.27383435057565
224,1.8433195415877,2.04493680228331,3.12122668501422,5.47562372742771,6.03750983684559,0.668820677010611,0.0310648536850065,0.00107593158376408,0.0297644852418872,0.274378192909537
225,1.91233817389817,2.68933124953976,3.53166118917536,5.73155030800658,6.08916632329619,0.919202978758258,0.0194059326616472,0.000959452057618633,0.0228392918419998,0.0438908971235027
226,1.35515995593057,1.06928714431964,1.5460736450882,4.26943019901519,5.68413916043931,0.0632593363048427,0.0867001911004887,0.00297321120367694,0.0394394847649508,0.805335698980003
227,1.36217702752726,0.720003962762434,1.33320474911855,4.49127703887834,5.18184531593144,0.661993221614073,0.0255755093901473,0.000989895266125848,0.0504851070978368,0.234907950352942
228,1.91862077656333,0.972224771776019,3.30650621225539,5.53491934505531,5.96896934276164,0.897186930729366,0.0226851163443304,0.000929085705966337,0.0208720045382661,0.0530320501818349
229,1.92412454582726,1.42308914207561,2.62339564442492,5.96127867953221,6.34793133880713,0.874001512328509,0.0200557352310246,0.000424638677508003,0.0203138586775522,0.0719622360663398
230,2.00551063560916,1.72914065243716,3.61209282182174,5.47033764667232,6.01797811039378,0.646199508833663,0.0250145581479319,0.00115512577220752,0.0258105655865989,0.283801906345371
231,2.32173159117276,1.93285688776111,4.40855210807107,6.37136495478632,6.72721765153397,0.801490776659181,0.0173285074874994,0.000122075695966202,0.0178237410386058,0.156975420538557
232,1.50222713277355,0.742398258374934,0.998119102661359,5.55644060517495,6.21727748872843,0.81442002116967,0.0186287146310868,0.00103356441268558,0.0337016086056819,0.113400681196382
233,1.00740220861808,0.815096038215637,1.12903059615989,3.18598684585975,4.012763227856,0.500005535815304,0.256323260429513,0.00442809604674412,0.0866419419015262,0.128553119453059
234,0.762370742952287,0.65475600620584,0.893500874733828,2.4360977045329,3.08529187335609,0.158791085491532,0.493234729219959,0.00977060856187345,0.1447202947044,0.165724304049493
235,1.61623408404713,0.910278553941607,1.24684513528913,5.42720526237623,5.85726559339395,0.822519491625948,0.019885310437349,0.0019322344223409,0.0378825829361467,0.0939042999781719
236,1.11897517271193,0.677901001548029,0.930773464001741,3.22888125269509,5.24212452294183,0.595097952471725,0.217430605758411,0.00511011680166745,0.0679302641483464,0.0937950245272366
237,1.55771669605938,0.690406712094473,0.993126619436671,5.89119169165995,6.39985331190228,0.791392929088622,0.108803535556165,0.0025344046680996,0.033791547233963,0.0352010196781438
238,3.00751664289504,1.90045696181223,6.12037302789005,7.31755028832997,7.64695798703303,0.955370670815974,0.0205919415710246,0.00030675719443102,0.00907699693201231,0.013350238434505
239,3.04406453271334,1.7050285097904,6.22755911687431,7.48994684138629,7.83225208821106,0.960597486004704,0.0193903317266179,0.000296600642359323,0.00850656582775038,0.0134856554431715
240,1.84145166247282,1.18609725222174,2.37438613348631,5.65152302802832,6.03025536668919,0.882980171084253,0.0202317809395819,0.000231642243340544,0.0261336875260649,0.068140883870338
241,2.15263378800027,1.52664899652386,3.72339087044974,6.11758911151873,6.4972583124145,0.908879174756356,0.0376906321128821,0.000778095295008341,0.0172160059243426,0.0307711839083608
242,1.47796612198196,0.755053944174401,1.45420619116259,4.64529554749084,5.28369795168839,0.781369528870411,0.0198078028191566,0.00176238067170154,0.0455361992728874,0.126456378090066
243,2.06954826274027,2.83525030785436,3.78730320189236,6.27895488786627,6.70187854429932,0.8625241777422,0.017141243772629,0.000243787819680023,0.0227551382143934,0.0827353260169353
244,1.66129797190316,2.07667038097495,2.86034046825335,5.0536472510627,5.52653248684207,0.883369373075495,0.0259281492615556,0.00089068571222026,0.0330641371015195,0.0554010816987416
245,1.6212861531305,2.19986820986091,2.97995951712928,4.7959096977706,5.28223981573809,0.826277838893814,0.0329477942673835,0.00125559130936514,0.0319786093642262,0.0907969810773065
246,1.76382449523726,2.19831730467644,2.94970158708886,5.43556917627487,5.86852942204728,0.8698158440557,0.0326070615654763,0.000647028695834969,0.026352312260522,0.0553433355950012
247,3.00805828843277,2.05524549598387,6.27051975104718,7.56644286071156,7.84222680804174,0.954838022664977,0.017411007474814,0.000175518200786206,0.00880492553403095,0.0211509483053512
248,1.87833919427104,1.43301272241413,2.14435455153967,6.03463524291792,6.39124497878902,0.876615950104464,0.0180718838381684,0.00118244544090869,0.0251766785590187,0.0673844157944722
249,1.65778424789771,1.28954290461402,2.80042680366207,4.86262772849123,5.27107395466508,0.883692970402913,0.0262582644087923,0.00080951093301659,0.0291150805104977,0.0517129250438887
250,1.67511494821862,1.23409507500932,2.6601463855283,4.99331748350355,5.49988428208979,0.845745557840885,0.0241360780970309,0.00148869067289314,0.034782325359997,0.0710915668162225
251,1.84853324077588,1.04472861550698,1.52133507473208,5.66772515095749,6.11230866927576,0.872669948933595,0.0198247160684496,0.000649233698506928,0.0253093032749343,0.0707515091573053
252,1.77154998630995,1.84573841910911,3.06063340708196,5.24996082933996,5.70930197844693,0.856877117650531,0.0240382346334349,0.00131195826277716,0.0293403143485982,0.0713971256278096
253,1.74512642753997,1.11798709065501,1.4986287927365,5.83276481415613,6.29864904504418,0.888077662688107,0.02233389990601,0.00066571645979139,0.0253548528131879,0.0543444663577674
254,1.84842387672632,1.85837942699017,2.86641451965144,5.56061020065427,6.27660226255422,0.621926824059759,0.0237610077884437,0.00217215679462803,0.0225296766261206,0.338427386494933
255,1.67526098008723,0.532181470862337,0.787764631194187,5.46027737951012,6.10846588553524,0.828645308391424,0.0183749662082113,0.00200823615011423,0.0308441372736046,0.0950063289237963
256,1.64480283524517,0.856705197556543,1.1667087046771,5.56173487636979,6.09844150762081,0.855231409381046,0.0195139195411614,0.00158152452226603,0.0313100564854387,0.0812228850302639
257,1.44779956610946,0.532264735396476,0.717342479654659,5.18962363309051,5.74258362763553,0.847794984636767,0.0218242046358439,0.00263871748859464,0.0416822993748275,0.0832708076824888
258,1.87838085127849,1.37762778490782,2.24200637158862,5.92191723641733,6.36496370047907,0.846865452860001,0.0172400453789424,0.00107476645739029,0.0241077957904404,0.0909876724806879
259,1.67099973943764,1.21371132534991,2.76251706476473,4.83713641727873,5.42580878863203,0.80661364043011,0.0270771656777452,0.00163459766338113,0.0296904642966882,0.119342499803831
260,1.84918723370075,1.06931064195267,2.1829462970096,5.59252854641655,6.07314428156252,0.887574927940997,0.0185469592795183,0.00135989418593603,0.0239461402732677,0.0600393439506335
261,1.65008581800368,0.738793455331734,1.03619435697026,5.39700970816543,5.83063258295029,0.844433050201624,0.0188589968351294,0.000309712540038852,0.0311193803928301,0.0799478677858188
262,1.60177808065704,0.832082009595546,1.13307214530979,5.57168303015352,5.98256135029893,0.868144928022893,0.0244589729718894,0.000779318706340984,0.0324911274607277,0.0682859780886746
263,1.84293691197795,1.04044198059717,1.62494432451468,5.70557453576466,6.03002358851291,0.868879283017226,0.0180393280694167,0.00119681413538845,0.0272317759655797,0.0705917401819963
264,1.56981698476887,0.935473550006916,1.58237564689035,5.13525088160292,5.81362840742235,0.804083185822129,0.0230040377827894,0.00140079889434129,0.0339650498637274,0.125041135246286
265,1.67399005717191,0.797078013794518,1.13509671393532,5.30767862338962,5.73438408581589,0.826905521902951,0.023756073021954,0.000896857463333106,0.0329929592982899,0.0894340315054093
266,1.37973229883919,1.24250441533584,1.87276127659085,4.46720776791386,4.9420089993795,0.57314499953523,0.0333933479650049,0.00111151482830178,0.0501439688071241,0.324828022590692
267,1.46871165926744,1.99909905305927,2.67618172502714,4.31422682629561,4.68337353741238,0.765116254759418,0.0354849487625775,0.00146262494629818,0.03458319826766,0.141916181379946
268,2.06800641482546,2.88738933966279,3.55120506616517,6.1480456176459,6.58773487357886,0.915804728085997,0.013935919317095,0.000799233600247351,0.0200530095583173,0.0410156730348008
269,2.17339271908073,3.38073591171043,4.3258440732367,6.24857069620138,6.64738727954065,0.881448066548271,0.0151223371868623,0.000657407804841564,0.0181981052318529,0.0586374503579116
270,2.01042619448748,2.68736186723233,3.79774027938705,6.0445458883461,6.52484710047101,0.885098898504133,0.0170241541108315,0.000890428606234627,0.0205864698184456,0.0616882315392865
271,1.53081970194699,0.868849175950833,1.84335061849024,4.85801686498443,5.39681560862249,0.667848733991589,0.0267130885038163,0.00529778692620969,0.0359351222593834,0.240773839539557
